-- phpMyAdmin SQL Dump
-- version 4.9.0.1
-- https://www.phpmyadmin.net/
--
-- Host: 127.0.0.1
-- Generation Time: Aug 08, 2019 at 08:05 AM
-- Server version: 10.3.16-MariaDB
-- PHP Version: 7.3.7

SET SQL_MODE = "NO_AUTO_VALUE_ON_ZERO";
SET AUTOCOMMIT = 0;
START TRANSACTION;
SET time_zone = "+00:00";


/*!40101 SET @OLD_CHARACTER_SET_CLIENT=@@CHARACTER_SET_CLIENT */;
/*!40101 SET @OLD_CHARACTER_SET_RESULTS=@@CHARACTER_SET_RESULTS */;
/*!40101 SET @OLD_COLLATION_CONNECTION=@@COLLATION_CONNECTION */;
/*!40101 SET NAMES utf8mb4 */;

--
-- Database: `ojt`
--

-- --------------------------------------------------------

--
-- Table structure for table `audit_trails`
--

CREATE TABLE `audit_trails` (
  `audit_id` int(11) NOT NULL,
  `user_id` int(11) NOT NULL,
  `action` varchar(50) NOT NULL,
  `object` int(11) NOT NULL,
  `date_time` datetime NOT NULL
) ENGINE=InnoDB DEFAULT CHARSET=latin1;

--
-- Dumping data for table `audit_trails`
--

INSERT INTO `audit_trails` (`audit_id`, `user_id`, `action`, `object`, `date_time`) VALUES
(1, 1, 'Logged in', 0, '2018-07-06 13:17:33'),
(2, 1, 'Registered an intern', 123123, '2018-07-06 14:25:54'),
(3, 1, 'Registered an intern', 123, '2018-07-06 14:26:16'),
(4, 1, 'Registered an intern', 2018, '2018-07-06 14:31:27'),
(5, 1, 'Registered an intern', 65465, '2018-07-06 14:33:03'),
(6, 1, 'Registered an intern', 6546, '2018-07-06 14:33:40'),
(7, 1, 'Registered an intern', 6546, '2018-07-06 14:33:53'),
(8, 1, 'Registered an intern', 654, '2018-07-06 14:36:50'),
(9, 1, 'Logged in', 0, '2018-07-09 13:16:44'),
(10, 1, 'Logged in', 0, '2018-07-09 16:08:44'),
(11, 1, 'Logged in', 0, '2018-07-09 16:20:27'),
(12, 1, 'Logged in', 0, '2018-07-10 08:43:34'),
(13, 1, 'Logged in', 0, '2018-07-10 10:27:22'),
(14, 1, 'Logged in', 0, '2018-07-10 14:49:51'),
(15, 1, 'Logged in', 0, '2018-07-10 17:20:02'),
(16, 1, 'Logged in', 0, '2018-07-12 17:19:08'),
(17, 1, 'Logged in', 0, '2018-07-16 18:58:12'),
(18, 1, 'Logged in', 0, '2018-07-17 10:06:04'),
(19, 1, 'Logged in', 0, '2018-07-17 20:14:24'),
(20, 1, 'Logged in', 0, '2018-07-18 09:13:04'),
(21, 1, 'Logged in', 0, '2018-07-18 11:27:27'),
(22, 1, 'Logged in', 0, '2018-07-19 09:12:27'),
(23, 1, 'Logged in', 0, '2018-07-19 14:10:13'),
(24, 1, 'Logged in', 0, '2018-07-20 09:13:46'),
(25, 1, 'Updated holiday', 1, '2018-07-20 13:25:11'),
(26, 1, 'Updated holiday', 1, '2018-07-20 13:25:47'),
(27, 1, 'Updated holiday', 1, '2018-07-20 13:27:16'),
(28, 1, 'Updated holiday', 1, '2018-07-20 14:06:55'),
(29, 1, 'Removed holiday', 3, '2018-07-20 14:29:31'),
(30, 1, 'Removed holiday', 1, '2018-07-20 14:29:41'),
(31, 1, 'Removed holiday', 2, '2018-07-20 14:29:52'),
(32, 1, 'Removed holiday', 3, '2018-07-20 14:32:21'),
(33, 1, 'Updated holiday', 2, '2018-07-20 15:41:14'),
(34, 1, 'Logged in', 0, '2018-07-23 09:35:41'),
(35, 1, 'Logged in', 0, '2018-07-23 10:03:38'),
(36, 1, 'Logged in', 0, '2018-07-24 08:29:07'),
(37, 1, 'Removed holiday', 4, '2018-07-24 08:30:40'),
(38, 1, 'Logged in', 0, '2018-07-24 10:39:29'),
(39, 1, 'Registered an intern', 16565, '2018-07-24 11:54:45'),
(40, 1, 'Registered an intern', 654654654, '2018-07-24 13:29:01'),
(41, 1, 'Registered an intern', 23123123, '2018-07-24 13:37:23'),
(42, 1, 'Logged in', 0, '2018-07-24 19:46:29'),
(43, 1, 'Logged in', 0, '2018-07-25 09:27:44'),
(44, 1, 'Logged in', 0, '2018-07-25 11:08:54'),
(45, 1, 'Logged in', 0, '2018-07-25 11:09:03'),
(46, 1, 'Logged in', 0, '2018-07-25 11:09:44'),
(47, 1, 'Logged in', 0, '2018-07-25 11:14:52'),
(48, 1, 'Removed holiday', 1, '2018-07-25 11:38:26'),
(49, 1, 'Logged in', 0, '2018-07-25 13:27:24'),
(50, 1, 'Logged in', 0, '2018-07-25 16:07:35'),
(51, 1, 'Registered an intern', 123123123, '2018-07-25 16:56:44'),
(52, 1, 'Logged in', 0, '2018-07-26 08:44:46'),
(53, 1, 'Logged in', 0, '2018-07-26 09:01:58'),
(54, 1, 'Registered an intern', 1500037, '2018-07-26 09:09:48'),
(55, 1, 'Registered an intern', 1500037, '2018-07-26 09:12:40'),
(56, 1, 'Updated trainee profile', 1500037, '2018-07-26 09:49:33'),
(57, 1, 'Updated trainee profile', 1500037, '2018-07-26 09:50:11'),
(58, 1, 'Updated trainee profile', 1500037, '2018-07-26 09:50:50'),
(59, 1, 'Updated trainee profile', 1500037, '2018-07-26 09:50:53'),
(60, 1, 'Updated trainee profile', 1500037, '2018-07-26 09:50:54'),
(61, 1, 'Updated trainee profile', 1500037, '2018-07-26 09:50:54'),
(62, 1, 'Updated trainee profile', 1500037, '2018-07-26 09:50:54'),
(63, 1, 'Updated trainee profile', 1500037, '2018-07-26 09:50:54'),
(64, 1, 'Updated trainee profile', 1500037, '2018-07-26 09:50:54'),
(65, 1, 'Updated trainee profile', 1500037, '2018-07-26 09:50:55'),
(66, 1, 'Updated trainee profile', 1500037, '2018-07-26 09:50:55'),
(67, 1, 'Updated trainee profile', 1500037, '2018-07-26 09:50:55'),
(68, 1, 'Updated trainee profile', 1500037, '2018-07-26 09:50:55'),
(69, 1, 'Updated trainee profile', 1500037, '2018-07-26 09:50:55'),
(70, 1, 'Updated trainee profile', 1500037, '2018-07-26 09:50:56'),
(71, 1, 'Updated trainee profile', 1500037, '2018-07-26 09:50:56'),
(72, 1, 'Updated trainee profile', 1500037, '2018-07-26 09:50:56'),
(73, 1, 'Updated trainee profile', 1500037, '2018-07-26 09:51:16'),
(74, 1, 'Updated trainee profile', 1500037, '2018-07-26 09:51:17'),
(75, 1, 'Updated trainee profile', 1500037, '2018-07-26 09:51:17'),
(76, 1, 'Updated trainee profile', 1500037, '2018-07-26 09:51:17'),
(77, 1, 'Updated trainee profile', 1500037, '2018-07-26 09:51:17'),
(78, 1, 'Updated trainee profile', 1500037, '2018-07-26 09:51:17'),
(79, 1, 'Updated trainee profile', 1500037, '2018-07-26 09:51:17'),
(80, 1, 'Updated trainee profile', 1500037, '2018-07-26 09:51:18'),
(81, 1, 'Updated trainee profile', 1500037, '2018-07-26 09:51:18'),
(82, 1, 'Updated trainee profile', 1500037, '2018-07-26 09:51:18'),
(83, 1, 'Updated trainee profile', 1500037, '2018-07-26 09:51:18'),
(84, 1, 'Updated trainee profile', 1500037, '2018-07-26 09:52:01'),
(85, 1, 'Updated trainee profile', 1500037, '2018-07-26 09:52:19'),
(86, 1, 'Updated trainee profile', 1500037, '2018-07-26 09:52:30'),
(87, 1, 'Updated trainee profile', 1500037, '2018-07-26 09:52:34'),
(88, 1, 'Updated trainee profile', 1500037, '2018-07-26 09:52:34'),
(89, 1, 'Updated trainee profile', 1500037, '2018-07-26 09:52:34'),
(90, 1, 'Updated trainee profile', 1500037, '2018-07-26 09:52:34'),
(91, 1, 'Updated trainee profile', 1500037, '2018-07-26 09:52:34'),
(92, 1, 'Updated trainee profile', 1500037, '2018-07-26 09:52:35'),
(93, 1, 'Updated trainee profile', 1500037, '2018-07-26 09:52:35'),
(94, 1, 'Updated trainee profile', 1500037, '2018-07-26 09:52:35'),
(95, 1, 'Updated trainee profile', 1500037, '2018-07-26 09:52:35'),
(96, 1, 'Updated trainee profile', 1500037, '2018-07-26 09:52:35'),
(97, 1, 'Updated trainee profile', 1500037, '2018-07-26 09:52:35'),
(98, 1, 'Updated trainee profile', 1500037, '2018-07-26 09:52:36'),
(99, 1, 'Updated trainee profile', 1500037, '2018-07-26 09:52:36'),
(100, 1, 'Updated trainee profile', 1500037, '2018-07-26 09:52:36'),
(101, 1, 'Updated trainee profile', 1500037, '2018-07-26 09:52:36'),
(102, 1, 'Updated trainee profile', 1500037, '2018-07-26 09:52:36'),
(103, 1, 'Updated trainee profile', 1500037, '2018-07-26 09:52:37'),
(104, 1, 'Updated trainee profile', 1500037, '2018-07-26 09:52:37'),
(105, 1, 'Updated trainee profile', 1500037, '2018-07-26 09:52:37'),
(106, 1, 'Updated trainee profile', 1500037, '2018-07-26 09:52:37'),
(107, 1, 'Updated trainee profile', 1500037, '2018-07-26 09:52:37'),
(108, 1, 'Updated trainee profile', 1500037, '2018-07-26 09:52:38'),
(109, 1, 'Updated trainee profile', 1500037, '2018-07-26 09:52:41'),
(110, 1, 'Updated trainee profile', 1500037, '2018-07-26 09:52:41'),
(111, 1, 'Updated trainee profile', 1500037, '2018-07-26 09:52:41'),
(112, 1, 'Updated trainee profile', 1500037, '2018-07-26 09:52:41'),
(113, 1, 'Updated trainee profile', 1500037, '2018-07-26 09:52:42'),
(114, 1, 'Updated trainee profile', 1500037, '2018-07-26 09:52:42'),
(115, 1, 'Updated trainee profile', 1500037, '2018-07-26 09:52:42'),
(116, 1, 'Updated trainee profile', 1500037, '2018-07-26 09:53:10'),
(117, 1, 'Updated trainee profile', 1500037, '2018-07-26 09:53:11'),
(118, 1, 'Updated trainee profile', 1500037, '2018-07-26 09:53:11'),
(119, 1, 'Updated trainee profile', 1500037, '2018-07-26 09:53:11'),
(120, 1, 'Updated trainee profile', 1500037, '2018-07-26 09:53:11'),
(121, 1, 'Updated trainee profile', 1500037, '2018-07-26 09:53:11'),
(122, 1, 'Updated trainee profile', 1500037, '2018-07-26 09:53:12'),
(123, 1, 'Updated trainee profile', 1500037, '2018-07-26 09:53:12'),
(124, 1, 'Updated trainee profile', 1500037, '2018-07-26 09:53:12'),
(125, 1, 'Updated trainee profile', 1500037, '2018-07-26 09:53:12'),
(126, 1, 'Updated trainee profile', 1500037, '2018-07-26 09:53:12'),
(127, 1, 'Updated trainee profile', 1500037, '2018-07-26 09:53:13'),
(128, 1, 'Updated trainee profile', 1500037, '2018-07-26 09:53:13'),
(129, 1, 'Updated trainee profile', 1500037, '2018-07-26 09:53:13'),
(130, 1, 'Updated trainee profile', 1500037, '2018-07-26 09:53:13'),
(131, 1, 'Updated trainee profile', 1500037, '2018-07-26 09:53:14'),
(132, 1, 'Updated trainee profile', 1500037, '2018-07-26 09:53:19'),
(133, 1, 'Updated trainee profile', 1500037, '2018-07-26 09:53:20'),
(134, 1, 'Updated trainee profile', 1500037, '2018-07-26 09:53:20'),
(135, 1, 'Updated trainee profile', 1500037, '2018-07-26 09:53:20'),
(136, 1, 'Updated trainee profile', 1500037, '2018-07-26 09:53:20'),
(137, 1, 'Updated trainee profile', 1500037, '2018-07-26 09:53:20'),
(138, 1, 'Updated trainee profile', 1500037, '2018-07-26 09:53:20'),
(139, 1, 'Updated trainee profile', 1500037, '2018-07-26 09:53:21'),
(140, 1, 'Updated trainee profile', 1500037, '2018-07-26 09:53:21'),
(141, 1, 'Updated trainee profile', 1500037, '2018-07-26 09:53:21'),
(142, 1, 'Updated trainee profile', 1500037, '2018-07-26 09:53:21'),
(143, 1, 'Updated trainee profile', 1500037, '2018-07-26 09:53:21'),
(144, 1, 'Updated trainee profile', 1500037, '2018-07-26 09:53:22'),
(145, 1, 'Updated trainee profile', 1500037, '2018-07-26 09:53:22'),
(146, 1, 'Updated trainee profile', 1500037, '2018-07-26 09:53:22'),
(147, 1, 'Updated trainee profile', 1500037, '2018-07-26 09:53:22'),
(148, 1, 'Updated trainee profile', 1500037, '2018-07-26 09:53:22'),
(149, 1, 'Updated trainee profile', 1500037, '2018-07-26 09:53:27'),
(150, 1, 'Updated trainee profile', 1500037, '2018-07-26 09:53:27'),
(151, 1, 'Updated trainee profile', 1500037, '2018-07-26 09:53:27'),
(152, 1, 'Updated trainee profile', 1500037, '2018-07-26 09:53:27'),
(153, 1, 'Updated trainee profile', 1500037, '2018-07-26 09:53:27'),
(154, 1, 'Updated trainee profile', 1500037, '2018-07-26 09:53:28'),
(155, 1, 'Updated trainee profile', 1500037, '2018-07-26 09:53:28'),
(156, 1, 'Updated trainee profile', 1500037, '2018-07-26 09:53:28'),
(157, 1, 'Updated trainee profile', 1500037, '2018-07-26 09:53:28'),
(158, 1, 'Updated trainee profile', 1500037, '2018-07-26 09:53:28'),
(159, 1, 'Updated trainee profile', 1500037, '2018-07-26 09:53:28'),
(160, 1, 'Updated trainee profile', 1500037, '2018-07-26 09:53:29'),
(161, 1, 'Updated trainee profile', 1500037, '2018-07-26 09:53:29'),
(162, 1, 'Updated trainee profile', 1500037, '2018-07-26 09:53:29'),
(163, 1, 'Updated trainee profile', 1500037, '2018-07-26 09:53:29'),
(164, 1, 'Updated trainee profile', 1500037, '2018-07-26 09:53:29'),
(165, 1, 'Updated trainee profile', 1500037, '2018-07-26 09:53:30'),
(166, 1, 'Updated trainee profile', 1500037, '2018-07-26 09:53:30'),
(167, 1, 'Updated trainee profile', 1500037, '2018-07-26 09:53:30'),
(168, 1, 'Updated trainee profile', 1500037, '2018-07-26 09:53:30'),
(169, 1, 'Updated trainee profile', 1500037, '2018-07-26 09:53:30'),
(170, 1, 'Updated trainee profile', 1500037, '2018-07-26 09:53:30'),
(171, 1, 'Updated trainee profile', 1500037, '2018-07-26 09:54:39'),
(172, 1, 'Updated trainee profile', 1500037, '2018-07-26 09:54:39'),
(173, 1, 'Updated trainee profile', 1500037, '2018-07-26 09:54:40'),
(174, 1, 'Updated trainee profile', 1500037, '2018-07-26 09:54:40'),
(175, 1, 'Updated trainee profile', 1500037, '2018-07-26 09:54:40'),
(176, 1, 'Updated trainee profile', 1500037, '2018-07-26 09:54:40'),
(177, 1, 'Updated trainee profile', 1500037, '2018-07-26 09:54:41'),
(178, 1, 'Updated trainee profile', 1500037, '2018-07-26 09:54:41'),
(179, 1, 'Updated trainee profile', 1500037, '2018-07-26 09:54:41'),
(180, 1, 'Updated trainee profile', 1500037, '2018-07-26 09:54:41'),
(181, 1, 'Updated trainee profile', 1500037, '2018-07-26 09:54:42'),
(182, 1, 'Updated trainee profile', 1500037, '2018-07-26 09:54:42'),
(183, 1, 'Updated trainee profile', 1500037, '2018-07-26 09:54:42'),
(184, 1, 'Updated trainee profile', 1500037, '2018-07-26 09:54:42'),
(185, 1, 'Updated trainee profile', 1500037, '2018-07-26 09:54:42'),
(186, 1, 'Updated trainee profile', 1500037, '2018-07-26 09:54:43'),
(187, 1, 'Updated trainee profile', 1500037, '2018-07-26 09:54:43'),
(188, 1, 'Updated trainee profile', 1500037, '2018-07-26 09:54:43'),
(189, 1, 'Updated trainee profile', 1500037, '2018-07-26 09:54:43'),
(190, 1, 'Updated trainee profile', 1500037, '2018-07-26 09:54:44'),
(191, 1, 'Updated trainee profile', 1500037, '2018-07-26 09:54:44'),
(192, 1, 'Updated trainee profile', 1500037, '2018-07-26 09:54:44'),
(193, 1, 'Updated trainee profile', 1500037, '2018-07-26 09:54:44'),
(194, 1, 'Updated trainee profile', 1500037, '2018-07-26 09:54:44'),
(195, 1, 'Updated trainee profile', 1500037, '2018-07-26 09:54:45'),
(196, 1, 'Updated trainee profile', 1500037, '2018-07-26 09:54:45'),
(197, 1, 'Updated trainee profile', 1500037, '2018-07-26 09:54:45'),
(198, 1, 'Updated trainee profile', 1500037, '2018-07-26 09:54:46'),
(199, 1, 'Updated trainee profile', 1500037, '2018-07-26 09:54:46'),
(200, 1, 'Updated trainee profile', 1500037, '2018-07-26 09:54:46'),
(201, 1, 'Updated trainee profile', 1500037, '2018-07-26 09:54:46'),
(202, 1, 'Updated trainee profile', 1500037, '2018-07-26 09:54:46'),
(203, 1, 'Updated trainee profile', 1500037, '2018-07-26 09:54:47'),
(204, 1, 'Updated trainee profile', 1500037, '2018-07-26 09:54:47'),
(205, 1, 'Updated trainee profile', 1500037, '2018-07-26 09:54:47'),
(206, 1, 'Updated trainee profile', 1500037, '2018-07-26 09:54:47'),
(207, 1, 'Updated trainee profile', 1500037, '2018-07-26 09:54:48'),
(208, 1, 'Updated trainee profile', 1500037, '2018-07-26 09:54:48'),
(209, 1, 'Updated trainee profile', 1500037, '2018-07-26 09:54:48'),
(210, 1, 'Updated trainee profile', 1500037, '2018-07-26 09:54:48'),
(211, 1, 'Updated trainee profile', 1500037, '2018-07-26 09:54:48'),
(212, 1, 'Updated trainee profile', 1500037, '2018-07-26 09:54:49'),
(213, 1, 'Updated trainee profile', 1500037, '2018-07-26 09:54:49'),
(214, 1, 'Updated trainee profile', 1500037, '2018-07-26 09:54:49'),
(215, 1, 'Updated trainee profile', 1500037, '2018-07-26 09:54:49'),
(216, 1, 'Updated trainee profile', 1500037, '2018-07-26 09:54:50'),
(217, 1, 'Updated trainee profile', 1500037, '2018-07-26 09:54:50'),
(218, 1, 'Updated trainee profile', 1500037, '2018-07-26 09:54:50'),
(219, 1, 'Updated trainee profile', 1500037, '2018-07-26 09:54:50'),
(220, 1, 'Updated trainee profile', 1500037, '2018-07-26 09:54:50'),
(221, 1, 'Updated trainee profile', 1500037, '2018-07-26 09:54:50'),
(222, 1, 'Updated trainee profile', 1500037, '2018-07-26 09:54:51'),
(223, 1, 'Updated trainee profile', 1500037, '2018-07-26 09:54:51'),
(224, 1, 'Updated trainee profile', 1500037, '2018-07-26 09:54:51'),
(225, 1, 'Updated trainee profile', 1500037, '2018-07-26 09:54:56'),
(226, 1, 'Updated trainee profile', 1500037, '2018-07-26 09:54:56'),
(227, 1, 'Updated trainee profile', 1500037, '2018-07-26 09:54:57'),
(228, 1, 'Updated trainee profile', 1500037, '2018-07-26 09:54:57'),
(229, 1, 'Updated trainee profile', 1500037, '2018-07-26 09:54:57'),
(230, 1, 'Updated trainee profile', 1500037, '2018-07-26 09:54:57'),
(231, 1, 'Updated trainee profile', 1500037, '2018-07-26 09:54:57'),
(232, 1, 'Updated trainee profile', 1500037, '2018-07-26 09:54:58'),
(233, 1, 'Updated trainee profile', 1500037, '2018-07-26 09:54:58'),
(234, 1, 'Updated trainee profile', 1500037, '2018-07-26 09:54:58'),
(235, 1, 'Updated trainee profile', 1500037, '2018-07-26 09:54:58'),
(236, 1, 'Updated trainee profile', 1500037, '2018-07-26 09:54:58'),
(237, 1, 'Updated trainee profile', 1500037, '2018-07-26 09:54:58'),
(238, 1, 'Updated trainee profile', 1500037, '2018-07-26 09:54:59'),
(239, 1, 'Updated trainee profile', 1500037, '2018-07-26 09:54:59'),
(240, 1, 'Updated trainee profile', 1500037, '2018-07-26 09:54:59'),
(241, 1, 'Updated trainee profile', 1500037, '2018-07-26 09:54:59'),
(242, 1, 'Updated trainee profile', 1500037, '2018-07-26 09:54:59'),
(243, 1, 'Updated trainee profile', 1500037, '2018-07-26 09:55:00'),
(244, 1, 'Updated trainee profile', 1500037, '2018-07-26 09:55:00'),
(245, 1, 'Updated trainee profile', 1500037, '2018-07-26 09:55:00'),
(246, 1, 'Updated trainee profile', 1500037, '2018-07-26 09:55:00'),
(247, 1, 'Updated trainee profile', 1500037, '2018-07-26 09:55:01'),
(248, 1, 'Updated trainee profile', 1500037, '2018-07-26 09:55:01'),
(249, 1, 'Updated trainee profile', 1500037, '2018-07-26 09:55:01'),
(250, 1, 'Updated trainee profile', 1500037, '2018-07-26 09:55:01'),
(251, 1, 'Updated trainee profile', 1500037, '2018-07-26 09:55:01'),
(252, 1, 'Updated trainee profile', 1500037, '2018-07-26 09:55:02'),
(253, 1, 'Updated trainee profile', 1500037, '2018-07-26 09:55:02'),
(254, 1, 'Updated trainee profile', 1500037, '2018-07-26 09:55:02'),
(255, 1, 'Updated trainee profile', 1500037, '2018-07-26 09:55:02'),
(256, 1, 'Updated trainee profile', 1500037, '2018-07-26 09:55:02'),
(257, 1, 'Updated trainee profile', 1500037, '2018-07-26 09:55:03'),
(258, 1, 'Updated trainee profile', 1500037, '2018-07-26 09:55:17'),
(259, 1, 'Updated trainee profile', 1500037, '2018-07-26 09:55:17'),
(260, 1, 'Updated trainee profile', 1500037, '2018-07-26 09:55:17'),
(261, 1, 'Updated trainee profile', 1500037, '2018-07-26 09:55:18'),
(262, 1, 'Updated trainee profile', 1500037, '2018-07-26 09:55:18'),
(263, 1, 'Updated trainee profile', 1500037, '2018-07-26 09:55:18'),
(264, 1, 'Updated trainee profile', 1500037, '2018-07-26 09:55:18'),
(265, 1, 'Updated trainee profile', 1500037, '2018-07-26 09:55:18'),
(266, 1, 'Updated trainee profile', 1500037, '2018-07-26 09:55:18'),
(267, 1, 'Updated trainee profile', 1500037, '2018-07-26 09:55:19'),
(268, 1, 'Updated trainee profile', 1500037, '2018-07-26 09:55:19'),
(269, 1, 'Updated trainee profile', 1500037, '2018-07-26 09:55:19'),
(270, 1, 'Updated trainee profile', 1500037, '2018-07-26 09:55:19'),
(271, 1, 'Updated trainee profile', 1500037, '2018-07-26 09:55:19'),
(272, 1, 'Updated trainee profile', 1500037, '2018-07-26 09:55:20'),
(273, 1, 'Updated trainee profile', 1500037, '2018-07-26 09:55:20'),
(274, 1, 'Updated trainee profile', 1500037, '2018-07-26 09:55:20'),
(275, 1, 'Updated trainee profile', 1500037, '2018-07-26 09:55:20'),
(276, 1, 'Updated trainee profile', 1500037, '2018-07-26 09:55:20'),
(277, 1, 'Updated trainee profile', 1500037, '2018-07-26 09:55:21'),
(278, 1, 'Updated trainee profile', 1500037, '2018-07-26 09:55:21'),
(279, 1, 'Updated trainee profile', 1500037, '2018-07-26 09:55:21'),
(280, 1, 'Updated trainee profile', 1500037, '2018-07-26 09:55:21'),
(281, 1, 'Updated trainee profile', 1500037, '2018-07-26 09:55:21'),
(282, 1, 'Updated trainee profile', 1500037, '2018-07-26 09:55:22'),
(283, 1, 'Updated trainee profile', 1500037, '2018-07-26 09:55:22'),
(284, 1, 'Updated trainee profile', 1500037, '2018-07-26 09:55:22'),
(285, 1, 'Updated trainee profile', 1500037, '2018-07-26 09:55:22'),
(286, 1, 'Updated trainee profile', 1500037, '2018-07-26 09:55:22'),
(287, 1, 'Updated trainee profile', 1500037, '2018-07-26 09:55:23'),
(288, 1, 'Updated trainee profile', 1500037, '2018-07-26 09:55:23'),
(289, 1, 'Updated trainee profile', 1500037, '2018-07-26 09:55:23'),
(290, 1, 'Updated trainee profile', 1500037, '2018-07-26 09:55:23'),
(291, 1, 'Updated trainee profile', 1500037, '2018-07-26 09:55:24'),
(292, 1, 'Updated trainee profile', 1500037, '2018-07-26 09:55:24'),
(293, 1, 'Updated trainee profile', 1500037, '2018-07-26 09:55:24'),
(294, 1, 'Updated trainee profile', 1500037, '2018-07-26 09:55:24'),
(295, 1, 'Updated trainee profile', 1500037, '2018-07-26 09:55:24'),
(296, 1, 'Updated trainee profile', 1500037, '2018-07-26 09:55:25'),
(297, 1, 'Updated trainee profile', 1500037, '2018-07-26 09:55:25'),
(298, 1, 'Updated trainee profile', 1500037, '2018-07-26 09:55:25'),
(299, 1, 'Updated trainee profile', 1500037, '2018-07-26 09:55:25'),
(300, 1, 'Updated trainee profile', 1500037, '2018-07-26 09:55:25'),
(301, 1, 'Updated trainee profile', 1500037, '2018-07-26 09:55:25'),
(302, 1, 'Updated trainee profile', 1500037, '2018-07-26 09:55:26'),
(303, 1, 'Updated trainee profile', 1500037, '2018-07-26 09:55:26'),
(304, 1, 'Updated trainee profile', 1500037, '2018-07-26 09:55:26'),
(305, 1, 'Updated trainee profile', 1500037, '2018-07-26 09:55:26'),
(306, 1, 'Updated trainee profile', 1500037, '2018-07-26 09:55:26'),
(307, 1, 'Updated trainee profile', 1500037, '2018-07-26 09:55:27'),
(308, 1, 'Updated trainee profile', 1500037, '2018-07-26 09:55:27'),
(309, 1, 'Updated trainee profile', 1500037, '2018-07-26 09:55:27'),
(310, 1, 'Updated trainee profile', 1500037, '2018-07-26 09:55:27'),
(311, 1, 'Updated trainee profile', 1500037, '2018-07-26 09:55:27'),
(312, 1, 'Updated trainee profile', 1500037, '2018-07-26 09:55:28'),
(313, 1, 'Updated trainee profile', 1500037, '2018-07-26 09:55:28'),
(314, 1, 'Updated trainee profile', 1500037, '2018-07-26 09:55:28'),
(315, 1, 'Updated trainee profile', 1500037, '2018-07-26 09:55:28'),
(316, 1, 'Updated trainee profile', 1500037, '2018-07-26 09:55:28'),
(317, 1, 'Updated trainee profile', 1500037, '2018-07-26 09:55:29'),
(318, 1, 'Updated trainee profile', 1500037, '2018-07-26 09:55:29'),
(319, 1, 'Updated trainee profile', 1500037, '2018-07-26 09:55:29'),
(320, 1, 'Updated trainee profile', 1500037, '2018-07-26 09:55:31'),
(321, 1, 'Updated trainee profile', 1500037, '2018-07-26 09:55:31'),
(322, 1, 'Updated trainee profile', 1500037, '2018-07-26 09:55:31'),
(323, 1, 'Updated trainee profile', 1500037, '2018-07-26 09:55:34'),
(324, 1, 'Updated trainee profile', 1500037, '2018-07-26 09:55:35'),
(325, 1, 'Updated trainee profile', 1500037, '2018-07-26 09:55:35'),
(326, 1, 'Updated trainee profile', 1500037, '2018-07-26 09:55:35'),
(327, 1, 'Updated trainee profile', 1500037, '2018-07-26 09:55:35'),
(328, 1, 'Updated trainee profile', 1500037, '2018-07-26 09:55:35'),
(329, 1, 'Updated trainee profile', 1500037, '2018-07-26 09:55:36'),
(330, 1, 'Updated intern profile', 1500037, '2018-07-26 09:56:49'),
(331, 1, 'Updated intern profile', 1500037, '2018-07-26 09:56:50'),
(332, 1, 'Updated intern profile', 1500037, '2018-07-26 09:56:50'),
(333, 1, 'Updated intern profile', 1500037, '2018-07-26 09:56:50'),
(334, 1, 'Updated intern profile', 1500037, '2018-07-26 09:56:50'),
(335, 1, 'Updated intern profile', 1500037, '2018-07-26 09:56:50'),
(336, 1, 'Updated intern profile', 1500037, '2018-07-26 09:56:51'),
(337, 1, 'Updated intern profile', 1500037, '2018-07-26 09:56:51'),
(338, 1, 'Updated intern profile', 1500037, '2018-07-26 09:56:51'),
(339, 1, 'Updated intern profile', 1500037, '2018-07-26 09:56:51'),
(340, 1, 'Updated intern profile', 1500037, '2018-07-26 09:56:51'),
(341, 1, 'Updated intern profile', 1500037, '2018-07-26 09:56:52'),
(342, 1, 'Updated trainee profile', 1500037, '2018-07-26 09:58:30'),
(343, 1, 'Logged in', 0, '2018-07-26 10:10:37'),
(344, 1, 'Updated trainee profile', 1500037, '2018-07-26 10:18:16'),
(345, 1, 'Updated trainee profile', 1500037, '2018-07-26 10:18:23'),
(346, 1, 'Updated trainee profile', 1500037, '2018-07-26 10:22:19'),
(347, 1, 'Removed intern', 1500037, '2018-07-26 10:34:30'),
(348, 1, 'Removed intern', 1500037, '2018-07-26 10:35:48'),
(349, 1, 'Updated trainee profile', 1500037, '2018-07-26 11:44:32'),
(350, 1, 'Logged in', 0, '2018-07-26 13:03:19'),
(351, 1, 'Logged in', 0, '2018-07-26 13:10:29'),
(352, 1, 'Updated trainee profile', 1500037, '2018-07-26 13:56:35'),
(353, 1, 'Updated trainee profile', 1500037, '2018-07-26 13:56:44'),
(354, 1, 'Registered an intern', 65465465, '2018-07-26 14:17:59'),
(355, 1, 'Added school', 1, '2018-07-26 14:59:59'),
(356, 1, 'Added school', 2, '2018-07-26 15:01:12'),
(357, 1, 'Added school', 3, '2018-07-26 15:02:03'),
(358, 1, 'Added school', 4, '2018-07-26 15:02:32'),
(359, 1, 'Added school', 5, '2018-07-26 15:02:41'),
(360, 1, 'Removed school', 1, '2018-07-26 15:57:43'),
(361, 1, 'Removed school', 1, '2018-07-26 15:57:50'),
(362, 1, 'Removed school', 1, '2018-07-26 15:57:57'),
(363, 1, 'Removed school', 1, '2018-07-26 15:58:06'),
(364, 1, 'Removed school', 1, '2018-07-26 15:58:46'),
(365, 1, 'Removed school', 3, '2018-07-26 15:59:07'),
(366, 1, 'Removed school', 4, '2018-07-26 15:59:11'),
(367, 1, 'Removed school', 5, '2018-07-26 15:59:13'),
(368, 1, 'Updated school', 2, '2018-07-26 16:25:50'),
(369, 1, 'Updated school', 2, '2018-07-26 16:25:57'),
(370, 1, 'Added school', 6, '2018-07-26 16:30:09'),
(371, 1, 'Added school', 7, '2018-07-26 16:30:42'),
(372, 1, 'Added school', 9, '2018-07-26 16:38:19'),
(373, 1, 'Registered an intern', 1500037231, '2018-07-26 16:49:42'),
(374, 1, 'Registered an intern', 2147483647, '2018-07-26 16:50:59'),
(375, 1, 'Added school', 10, '2018-07-26 16:51:34'),
(376, 1, 'Registered an intern', 1500037, '2018-07-26 19:06:24'),
(377, 1, 'Logged in', 0, '2018-07-27 09:31:31'),
(378, 1, 'Logged in', 0, '2018-07-27 09:31:52'),
(379, 1, 'Logged in', 0, '2018-07-27 09:36:05'),
(380, 1, 'Logged in', 0, '2018-07-27 11:50:22'),
(381, 1, 'Updated user', 1, '2018-07-27 14:21:28'),
(382, 1, 'Updated user', 1, '2018-07-27 14:22:26'),
(383, 1, 'Updated user', 1, '2018-07-27 14:22:31'),
(384, 1, 'Updated user', 1, '2018-07-27 14:22:40'),
(385, 1, 'Updated user', 1, '2018-07-27 14:23:30'),
(386, 1, 'Updated user', 1, '2018-07-27 14:23:35'),
(387, 1, 'Removed user', 1, '2018-07-27 14:48:38'),
(388, 1, 'Removed user', 1, '2018-07-27 14:50:23'),
(389, 1, 'Added new user!', 5, '2018-07-27 15:18:15'),
(390, 1, 'Added new user!', 6, '2018-07-27 15:18:31'),
(391, 1, 'Logged in', 0, '2018-07-27 15:35:34'),
(392, 1, 'Logged in', 0, '2018-07-27 15:37:30'),
(393, 1, 'Logged in', 0, '2018-07-27 15:37:47'),
(394, 1, 'Logged in', 0, '2018-07-27 15:39:54'),
(395, 1, 'Logged in', 0, '2018-07-27 15:42:44'),
(396, 1, 'Logged in', 0, '2018-07-27 15:42:58'),
(397, 1, 'Logged in', 0, '2018-07-27 15:50:01'),
(398, 1, 'Logged in', 0, '2018-07-27 15:51:30'),
(399, 1, 'Logged in', 0, '2018-07-27 15:51:37'),
(400, 1, 'Logged in', 0, '2018-07-27 15:59:56'),
(401, 1, 'Logged in', 0, '2018-07-27 16:00:09'),
(402, 1, 'Logged in', 0, '2018-07-27 16:00:32'),
(403, 1, 'Logged in', 0, '2018-07-27 16:06:06'),
(404, 1, 'Logged in', 0, '2018-07-27 16:06:14'),
(405, 1, 'Logged out', 0, '2018-07-27 16:10:45'),
(406, 1, 'Logged in', 0, '2018-07-27 16:10:49'),
(407, 1, 'Logged in', 0, '2018-07-27 16:16:35'),
(408, 1, 'Logged out', 0, '2018-07-27 16:16:37'),
(409, 1, 'Logged in', 0, '2018-07-27 16:16:41'),
(410, 1, 'Added new user!', 2, '2018-07-27 16:16:51'),
(411, 1, 'Removed user', 2, '2018-07-27 16:16:55'),
(412, 1, 'Added new office', 0, '2018-07-27 16:40:43'),
(413, 1, 'Updated office', 2, '2018-07-27 17:33:11'),
(414, 1, 'Updated office', 1, '2018-07-27 17:34:03'),
(415, 1, 'Updated office', 1, '2018-07-27 17:35:06'),
(416, 1, 'Removed office', 3, '2018-07-27 17:40:32'),
(417, 1, 'Added new office', 0, '2018-07-27 17:40:57'),
(418, 1, 'Added new office', 5, '2018-07-27 17:41:18'),
(419, 1, 'Added new office', 6, '2018-07-27 17:41:39'),
(420, 1, 'Removed office', 4, '2018-07-27 17:41:42'),
(421, 1, 'Removed office', 5, '2018-07-27 17:41:45'),
(422, 1, 'Removed office', 6, '2018-07-27 17:41:48'),
(423, 1, 'Logged in', 0, '2018-07-30 09:12:50'),
(424, 1, 'Logged out', 0, '2018-07-30 09:16:56'),
(425, 1, 'Logged in', 0, '2018-07-30 09:51:57'),
(426, 1, 'Logged in', 0, '2018-07-30 09:52:27'),
(427, 1, 'Logged out', 0, '2018-07-30 11:18:26'),
(428, 6, 'Logged in', 0, '2018-07-30 11:20:38'),
(429, 6, 'Logged in', 0, '2018-07-30 11:20:41'),
(430, 6, 'Logged in', 0, '2018-07-30 11:20:42'),
(431, 6, 'Logged in', 0, '2018-07-30 11:20:42'),
(432, 6, 'Logged in', 0, '2018-07-30 11:20:42'),
(433, 6, 'Logged in', 0, '2018-07-30 11:20:54'),
(434, 6, 'Logged out', 0, '2018-07-30 11:21:09'),
(435, 6, 'Logged in', 0, '2018-07-30 11:21:13'),
(436, 6, 'Added new user!', 7, '2018-07-30 11:28:12'),
(437, 6, 'Logged out', 0, '2018-07-30 11:30:40'),
(438, 6, 'Logged in', 0, '2018-07-30 11:30:45'),
(439, 6, 'Logged in', 0, '2018-07-30 11:31:55'),
(440, 6, 'Logged in', 0, '2018-07-30 11:33:58'),
(441, 6, 'Logged in', 0, '2018-07-30 11:36:57'),
(442, 6, 'Logged out', 0, '2018-07-30 11:36:58'),
(443, 6, 'Logged in', 0, '2018-07-30 11:38:15'),
(444, 6, 'Logged out', 0, '2018-07-30 11:38:17'),
(445, 6, 'Logged in', 0, '2018-07-30 11:38:32'),
(446, 6, 'Logged in', 0, '2018-07-30 11:44:11'),
(447, 6, 'Updated profile!', 6, '2018-07-30 13:03:15'),
(448, 6, 'Updated profile!', 6, '2018-07-30 13:04:25'),
(449, 6, 'Updated profile!', 6, '2018-07-30 13:04:30'),
(450, 6, 'Updated profile!', 6, '2018-07-30 13:05:16'),
(451, 6, 'Updated profile!', 6, '2018-07-30 13:05:19'),
(452, 6, 'Updated profile!', 6, '2018-07-30 13:23:16'),
(453, 6, 'Updated profile!', 6, '2018-07-30 13:25:27'),
(454, 6, 'Updated profile!', 6, '2018-07-30 13:26:26'),
(455, 6, 'Logged out', 0, '2018-07-30 13:30:16'),
(456, 6, 'Logged in', 0, '2018-07-30 13:32:09'),
(457, 6, 'Logged out', 0, '2018-07-30 13:32:28'),
(458, 6, 'Logged in', 0, '2018-07-30 13:32:31'),
(459, 6, 'Logged out', 0, '2018-07-30 13:33:17'),
(460, 6, 'Logged in', 0, '2018-07-30 13:33:29'),
(461, 6, 'Logged out', 0, '2018-07-30 13:33:42'),
(462, 6, 'Logged in', 0, '2018-07-30 13:33:47'),
(463, 6, 'Logged out', 0, '2018-07-30 13:34:59'),
(464, 6, 'Logged in', 0, '2018-07-30 13:35:55'),
(465, 6, 'Logged out', 0, '2018-07-30 13:36:41'),
(466, 6, 'Logged in', 0, '2018-07-30 13:36:52'),
(467, 6, 'Logged out', 0, '2018-07-30 13:36:55'),
(468, 6, 'Logged in', 0, '2018-07-30 13:37:15'),
(469, 6, 'Logged out', 0, '2018-07-30 13:37:31'),
(470, 6, 'Logged in', 0, '2018-07-30 13:37:35'),
(471, 6, 'Updated profile!', 6, '2018-07-30 13:38:31'),
(472, 6, 'Updated profile!', 6, '2018-07-30 13:38:34'),
(473, 6, 'Logged out', 0, '2018-07-30 13:38:38'),
(474, 6, 'Logged in', 0, '2018-07-30 13:38:43'),
(475, 6, 'Logged out', 0, '2018-07-30 13:38:46'),
(476, 6, 'Logged in', 0, '2018-07-30 13:40:04'),
(477, 7, 'Logged in', 0, '2018-07-30 13:42:45'),
(478, 7, 'Logged out', 0, '2018-07-30 13:42:47'),
(479, 6, 'Logged in', 0, '2018-07-30 13:45:08'),
(480, 6, 'Logged out', 0, '2018-07-30 13:49:04'),
(481, 6, 'Logged in', 0, '2018-07-30 13:49:15'),
(482, 6, 'Logged out', 0, '2018-07-30 13:52:00'),
(483, 6, 'Logged in', 0, '2018-07-30 13:53:40'),
(484, 6, 'Logged in', 0, '2018-07-30 14:08:13'),
(485, 6, 'Updated trainee profile', 1500037, '2018-07-30 14:11:50'),
(486, 6, 'Updated trainee profile', 1500037, '2018-07-30 14:11:55'),
(487, 6, 'Updated trainee profile', 1500037, '2018-07-30 14:12:05'),
(488, 6, 'Updated trainee profile', 1500037, '2018-07-30 14:13:12'),
(489, 6, 'Logged in', 0, '2018-07-30 14:13:49'),
(490, 6, 'Updated profile!', 6, '2018-07-30 14:23:45'),
(491, 6, 'Updated profile!', 6, '2018-07-30 14:23:50'),
(492, 6, 'Logged in', 0, '2018-07-30 15:13:18'),
(493, 6, 'Logged in', 0, '2018-07-30 15:15:01'),
(494, 6, 'Added new user!', 8, '2018-07-30 15:15:45'),
(495, 6, 'Logged out', 0, '2018-07-30 15:15:47'),
(496, 8, 'Logged in', 0, '2018-07-30 15:15:50'),
(497, 8, 'Logged out', 0, '2018-07-30 15:16:05'),
(498, 6, 'Logged in', 0, '2018-07-30 15:16:11'),
(499, 6, 'Removed user', 7, '2018-07-30 15:18:45'),
(500, 6, 'Removed user', 8, '2018-07-30 15:18:48'),
(501, 6, 'Added new office', 7, '2018-07-30 15:22:53'),
(502, 6, 'Logged in', 0, '2018-07-30 15:24:26'),
(503, 6, 'Added new user!', 9, '2018-07-30 15:24:30'),
(504, 6, 'Logged out', 0, '2018-07-30 15:24:40'),
(505, 6, 'Logged out', 0, '2018-07-30 15:24:51'),
(506, 9, 'Logged in', 0, '2018-07-30 15:25:18'),
(507, 9, 'Added school', 11, '2018-07-30 15:26:20'),
(508, 9, 'Added school', 12, '2018-07-30 15:26:49'),
(509, 6, 'Logged in', 0, '2018-07-31 10:00:23'),
(510, 6, 'Logged out', 0, '2018-07-31 10:00:28'),
(511, 9, 'Logged in', 0, '2018-07-31 11:00:24'),
(512, 9, 'Registered an intern', 2018075, '2018-07-31 11:06:05'),
(513, 9, 'Registered an intern', 2018001, '2018-07-31 11:12:25'),
(514, 9, 'Added new office', 8, '2018-07-31 11:29:55'),
(515, 9, 'Registered an intern', 2018012, '2018-07-31 11:36:24'),
(516, 9, 'Registered an intern', 2018053, '2018-07-31 11:40:12'),
(517, 9, 'Added new office', 9, '2018-07-31 11:47:43'),
(518, 9, 'Registered an intern', 2018028, '2018-07-31 11:51:32'),
(519, 9, 'Registered an intern', 2018027, '2018-07-31 11:56:44'),
(520, 9, 'Added new office', 10, '2018-07-31 11:58:48'),
(521, 9, 'Registered an intern', 2018038, '2018-07-31 13:12:38'),
(522, 9, 'Added new office', 11, '2018-07-31 13:21:55'),
(523, 9, 'Registered an intern', 2018065, '2018-07-31 13:31:29'),
(524, 9, 'Added new office', 12, '2018-07-31 13:34:02'),
(525, 9, 'Registered an intern', 2018013, '2018-07-31 13:41:23'),
(526, 9, 'Registered an intern', 2018015, '2018-07-31 13:42:22'),
(527, 9, 'Registered an intern', 2018016, '2018-07-31 13:45:08'),
(528, 9, 'Registered an intern', 2018014, '2018-07-31 13:47:07'),
(529, 9, 'Registered an intern', 2018037, '2018-07-31 13:49:58'),
(530, 9, 'Registered an intern', 2018029, '2018-07-31 14:00:12'),
(531, 9, 'Registered an intern', 2018054, '2018-07-31 14:04:23'),
(532, 9, 'Registered an intern', 2018006, '2018-07-31 14:08:27'),
(533, 9, 'Registered an intern', 2018002, '2018-07-31 14:11:09'),
(534, 9, 'Added new office', 13, '2018-07-31 14:30:09'),
(535, 9, 'Registered an intern', 2018023, '2018-07-31 14:37:22'),
(536, 9, 'Added new office', 14, '2018-07-31 15:30:26'),
(537, 9, 'Registered an intern', 2018025, '2018-07-31 15:55:56'),
(538, 9, 'Registered an intern', 2018062, '2018-07-31 16:08:17'),
(539, 9, 'Registered an intern', 2018022, '2018-07-31 16:09:46'),
(540, 9, 'Added new office', 15, '2018-07-31 16:10:56'),
(541, 9, 'Registered an intern', 2018036, '2018-07-31 16:16:03'),
(542, 9, 'Registered an intern', 2018024, '2018-07-31 16:23:08'),
(543, 9, 'Registered an intern', 2018055, '2018-07-31 16:26:09'),
(544, 9, 'Updated trainee profile', 2018025, '2018-07-31 16:35:40'),
(545, 9, 'Registered an intern', 2018025, '2018-07-31 16:38:08'),
(546, 9, 'Registered an intern', 2018039, '2018-07-31 16:46:46'),
(547, 9, 'Registered an intern', 2018008, '2018-07-31 16:51:03'),
(548, 9, 'Registered an intern', 2018020, '2018-07-31 16:55:48'),
(549, 9, 'Registered an intern', 2018017, '2018-07-31 16:57:46'),
(550, 9, 'Registered an intern', 2018030, '2018-07-31 17:00:15'),
(551, 9, 'Registered an intern', 2018004, '2018-07-31 17:01:46'),
(552, 9, 'Registered an intern', 2018021, '2018-07-31 17:02:53'),
(553, 9, 'Logged out', 0, '2018-07-31 17:03:27'),
(554, 6, 'Logged in', 0, '2018-08-01 13:39:47'),
(555, 6, 'Logged in', 0, '2018-08-01 16:01:10'),
(556, 6, 'Logged out', 0, '2018-08-01 16:02:35'),
(557, 6, 'Logged in', 0, '2018-08-01 16:02:57'),
(558, 6, 'Logged out', 0, '2018-08-01 16:07:37'),
(559, 6, 'Logged in', 0, '2018-08-01 17:38:33'),
(560, 6, 'Logged out', 0, '2018-08-01 17:42:10'),
(561, 6, 'Logged in', 0, '2018-08-01 17:44:34'),
(562, 9, 'Logged in', 0, '2018-08-01 17:50:03'),
(563, 9, 'Removed holiday', 3, '2018-08-01 18:05:50'),
(564, 9, 'Removed holiday', 2, '2018-08-01 18:05:52'),
(565, 9, 'Removed holiday', 1, '2018-08-01 18:06:01'),
(566, 9, 'Updated trainee profile', 2018021, '2018-08-01 18:07:37'),
(567, 6, 'Logged out', 0, '2018-08-01 18:14:35'),
(568, 9, 'Logged in', 0, '2018-08-02 08:28:03'),
(569, 9, 'Logged in', 0, '2018-08-02 08:49:01'),
(570, 9, 'Removed intern', 1500037231, '2018-08-02 09:01:02'),
(571, 9, 'Removed intern', 1500037, '2018-08-02 09:03:56'),
(572, 9, 'Updated trainee profile', 2018075, '2018-08-02 09:06:26'),
(573, 9, 'Updated trainee profile', 2018001, '2018-08-02 09:36:33'),
(574, 9, 'Updated trainee profile', 2018012, '2018-08-02 09:39:13'),
(575, 9, 'Updated trainee profile', 2018053, '2018-08-02 09:43:18'),
(576, 9, 'Updated trainee profile', 2018028, '2018-08-02 09:45:20'),
(577, 9, 'Updated trainee profile', 2018027, '2018-08-02 09:47:23'),
(578, 9, 'Updated trainee profile', 2018038, '2018-08-02 09:49:57'),
(579, 9, 'Updated trainee profile', 2018065, '2018-08-02 10:01:09'),
(580, 9, 'Updated trainee profile', 2018013, '2018-08-02 10:03:34'),
(581, 9, 'Updated trainee profile', 2018015, '2018-08-02 10:05:48'),
(582, 9, 'Updated trainee profile', 2018016, '2018-08-02 10:09:32'),
(583, 9, 'Updated trainee profile', 2018014, '2018-08-02 10:11:18'),
(584, 9, 'Updated trainee profile', 2018037, '2018-08-02 10:16:30'),
(585, 9, 'Updated trainee profile', 2018037, '2018-08-02 10:17:31'),
(586, 9, 'Updated trainee profile', 2018029, '2018-08-02 10:19:13'),
(587, 9, 'Updated trainee profile', 2018054, '2018-08-02 10:21:00'),
(588, 9, 'Updated trainee profile', 2018006, '2018-08-02 10:22:58'),
(589, 9, 'Updated trainee profile', 2018002, '2018-08-02 10:24:55'),
(590, 9, 'Updated trainee profile', 2018023, '2018-08-02 10:26:44'),
(591, 9, 'Updated trainee profile', 2018035, '2018-08-02 10:29:33'),
(592, 9, 'Updated trainee profile', 2018035, '2018-08-02 10:43:06'),
(593, 9, 'Updated trainee profile', 2018062, '2018-08-02 10:45:10'),
(594, 9, 'Updated trainee profile', 2018022, '2018-08-02 10:46:54'),
(595, 6, 'Logged in', 0, '2018-08-02 11:29:23'),
(596, 9, 'Updated trainee profile', 2018036, '2018-08-02 11:30:54'),
(597, 9, 'Updated trainee profile', 2018036, '2018-08-02 11:34:03'),
(598, 9, 'Updated trainee profile', 2018036, '2018-08-02 11:34:11'),
(599, 9, 'Updated trainee profile', 2018024, '2018-08-02 11:37:18'),
(600, 9, 'Updated trainee profile', 2018055, '2018-08-02 11:39:05'),
(601, 9, 'Updated trainee profile', 2018025, '2018-08-02 11:40:50'),
(602, 9, 'Updated trainee profile', 2018039, '2018-08-02 11:42:47'),
(603, 9, 'Updated trainee profile', 2018008, '2018-08-02 11:44:33'),
(604, 9, 'Updated trainee profile', 2018020, '2018-08-02 11:46:55'),
(605, 9, 'Updated trainee profile', 2018017, '2018-08-02 11:49:53'),
(606, 9, 'Updated trainee profile', 2018030, '2018-08-02 11:51:36'),
(607, 9, 'Updated trainee profile', 2018030, '2018-08-02 11:51:45'),
(608, 9, 'Updated trainee profile', 2018004, '2018-08-02 11:53:12'),
(609, 9, 'Registered an intern', 2018070, '2018-08-02 12:00:01'),
(610, 9, 'Registered an intern', 2018069, '2018-08-02 12:01:48'),
(611, 9, 'Added new office', 16, '2018-08-02 13:23:47'),
(612, 9, 'Registered an intern', 2018061, '2018-08-02 13:26:26'),
(613, 9, 'Registered an intern', 2018066, '2018-08-02 13:28:19'),
(614, 9, 'Updated trainee profile', 2018061, '2018-08-02 13:29:38'),
(615, 9, 'Registered an intern', 2018068, '2018-08-02 13:36:57'),
(616, 9, 'Registered an intern', 2018074, '2018-08-02 13:44:56'),
(617, 9, 'Registered an intern', 2018026, '2018-08-02 13:50:33'),
(618, 9, 'Registered an intern', 2018009, '2018-08-02 13:52:09'),
(619, 9, 'Registered an intern', 2018050, '2018-08-02 13:58:09'),
(620, 9, 'Registered an intern', 2018048, '2018-08-02 13:59:16'),
(621, 9, 'Registered an intern', 2018010, '2018-08-02 14:02:01'),
(622, 9, 'Registered an intern', 2018031, '2018-08-02 14:03:10'),
(623, 9, 'Registered an intern', 2018033, '2018-08-02 14:04:32'),
(624, 9, 'Registered an intern', 2018040, '2018-08-02 14:06:04'),
(625, 9, 'Registered an intern', 2018018, '2018-08-02 14:07:32'),
(626, 9, 'Registered an intern', 2018034, '2018-08-02 14:18:53'),
(627, 9, 'Registered an intern', 2018032, '2018-08-02 14:21:00'),
(628, 9, 'Registered an intern', 2018019, '2018-08-02 14:22:14'),
(629, 9, 'Logged in', 0, '2018-08-02 14:22:28'),
(630, 9, 'Registered an intern', 2018047, '2018-08-02 14:34:09'),
(631, 9, 'Registered an intern', 2018005, '2018-08-02 14:40:35'),
(632, 9, 'Updated holiday', 5, '2018-08-02 14:53:38'),
(633, 6, 'Logged out', 0, '2018-08-02 14:54:45'),
(634, 6, 'Logged in', 0, '2018-08-02 14:56:11'),
(635, 6, 'Logged out', 0, '2018-08-02 14:56:59'),
(636, 9, 'Updated holiday', 24, '2018-08-02 15:10:27'),
(637, 9, 'Removed holiday', 23, '2018-08-02 15:20:18'),
(638, 9, 'Removed holiday', 27, '2018-08-02 15:20:39'),
(639, 9, 'Removed holiday', 29, '2018-08-02 15:21:16'),
(640, 9, 'Removed holiday', 30, '2018-08-02 15:21:25'),
(641, 9, 'Removed holiday', 31, '2018-08-02 15:21:37'),
(642, 9, 'Removed holiday', 33, '2018-08-02 15:21:43'),
(643, 9, 'Added school', 13, '2018-08-02 15:45:31'),
(644, 6, 'Logged in', 0, '2018-08-02 17:01:42'),
(645, 6, 'Updated school', 8, '2018-08-02 17:03:53'),
(646, 6, 'Logged out', 0, '2018-08-02 17:05:21'),
(647, 9, 'Logged in', 0, '2018-08-02 17:05:36'),
(648, 9, 'Logged out', 0, '2018-08-02 17:51:18'),
(649, 9, 'Logged in', 0, '2018-08-02 17:58:26'),
(650, 9, 'Logged out', 0, '2018-08-02 17:59:03'),
(651, 9, 'Logged in', 0, '2018-08-03 09:21:41'),
(652, 9, 'Logged out', 0, '2018-08-03 10:32:40'),
(653, 9, 'Logged in', 0, '2018-08-03 10:32:59'),
(654, 6, 'Logged in', 0, '2018-08-06 12:42:43'),
(655, 9, 'Logged in', 0, '2018-08-06 13:09:56'),
(656, 16, 'Logged out', 0, '2018-08-06 13:21:48'),
(657, 6, 'Logged in', 0, '2018-08-06 13:21:54'),
(658, 16, 'Registered an intern', 10066599, '2018-08-06 13:25:51'),
(659, 16, 'Removed intern', 10066599, '2018-08-06 13:26:06'),
(660, 6, 'Logged in', 0, '2019-08-08 13:35:05'),
(661, 6, 'Logged in', 0, '2019-08-08 13:36:38'),
(662, 6, 'Registered an intern', 123, '2019-08-08 14:03:58'),
(663, 6, 'Registered an intern', 123, '2019-08-08 14:04:29');

-- --------------------------------------------------------

--
-- Table structure for table `dtr`
--

CREATE TABLE `dtr` (
  `dtr_id` int(11) NOT NULL,
  `trainee_id` varchar(50) NOT NULL,
  `dtr_date` date DEFAULT NULL,
  `morning_in` varchar(10) NOT NULL DEFAULT '0',
  `morning_out` varchar(10) NOT NULL DEFAULT '0',
  `afternoon_in` varchar(10) NOT NULL DEFAULT '0',
  `afternoon_out` varchar(10) NOT NULL DEFAULT '0',
  `total` varchar(50) NOT NULL,
  `remarks` varchar(50) NOT NULL,
  `removed` tinyint(1) NOT NULL DEFAULT 0
) ENGINE=InnoDB DEFAULT CHARSET=latin1;

--
-- Dumping data for table `dtr`
--

INSERT INTO `dtr` (`dtr_id`, `trainee_id`, `dtr_date`, `morning_in`, `morning_out`, `afternoon_in`, `afternoon_out`, `total`, `remarks`, `removed`) VALUES
(1, '654', '2020-01-01', '08:00', '12:00', '01:00', '08:00', '697.5', 'Overtime', 0),
(2, '654', '2020-01-02', '08:00', '12:00', '01:00', '09:24', '802.5', 'Overtime', 0),
(3, '654', '2020-01-03', '08:00', '12:00', '01:01', '07:01', '622.5', 'Overtime', 0),
(4, '654', '2020-01-04', '08:00', '12:00', '0', '0', '360', 'Overtime', 0),
(5, '654', '2020-01-05', '08:00', '08:02', '0', '0', '3', 'Overtime', 0),
(6, '654', '2020-01-06', '08:00', '08:00', '01:00', '02:00', '60', 'Undertime', 0),
(7, '654', '2020-01-07', '08:00', '08:00', '02:05', '03:03', '58', 'Undertime', 0),
(8, '654', '2020-01-08', '08:00', '08:00', '01:03', '05:03', '240', 'Undertime', 0),
(9, '654', '2020-01-09', '08:00', '08:00', '01:00', '05:00', '240', 'Undertime', 0),
(10, '654', '2020-01-10', '08:00', '08:00', '01:00', '05:00', '240', 'Undertime', 0),
(11, '654', '2020-01-11', '08:00', '08:00', '01:00', '05:00', '360', 'Overtime', 0),
(12, '654', '2020-01-12', '08:00', '08:00', '01:00', '05:00', '360', 'Overtime', 0),
(13, '654', '2020-01-13', '08:05', '08:08', '01:00', '05:00', '243', 'Tardy and Undertime', 0),
(14, '654', '2020-01-14', '08:00', '08:00', '01:00', '05:00', '240', 'Undertime', 0),
(15, '654', '2020-01-15', '08:00', '08:00', '01:00', '04:00', '180', 'Undertime', 0),
(16, '654', '2020-01-16', '08:00', '08:00', '01:00', '04:00', '180', 'Undertime', 0),
(17, '654', '2020-01-17', '08:00', '08:00', '01:00', '04:00', '180', 'Undertime', 0),
(18, '654', '2020-01-18', '08:00', '08:00', '01:00', '04:00', '270', 'Overtime', 0),
(19, '654', '2020-01-19', '08:00', '08:00', '01:00', '04:00', '270', 'Overtime', 0),
(20, '654', '2020-01-20', '08:00', '08:00', '01:00', '04:00', '180', 'Undertime', 0),
(21, '654', '2020-01-21', '08:00', '08:00', '01:00', '04:00', '180', 'Undertime', 0),
(22, '654', '2020-01-22', '08:00', '08:00', '01:00', '04:00', '180', 'Undertime', 0),
(23, '654', '2020-01-23', '08:00', '08:00', '01:00', '04:00', '180', 'Undertime', 0),
(24, '654', '2020-01-24', '08:00', '08:00', '01:00', '04:00', '180', 'Undertime', 0),
(25, '654', '2020-01-25', '08:00', '08:00', '01:00', '04:00', '270', 'Overtime', 0),
(26, '654', '2020-01-26', '08:00', '08:00', '01:00', '04:00', '270', 'Overtime', 0),
(27, '654', '2020-01-27', '08:00', '08:00', '01:00', '04:00', '180', 'Undertime', 0),
(28, '654', '2020-01-28', '08:00', '08:00', '01:00', '04:00', '180', 'Undertime', 0),
(29, '654', '2020-01-29', '08:00', '08:00', '01:00', '04:00', '180', 'Undertime', 0),
(30, '654', '2020-01-30', '08:00', '08:00', '01:00', '04:00', '180', 'Undertime', 0),
(31, '654', '2020-01-31', '08:00', '08:00', '01:00', '04:00', '180', 'Undertime', 0),
(32, '654', '2018-08-01', '0', '0', '0', '0', '0', 'Absent', 0),
(33, '654', '2018-08-02', '0', '0', '0', '0', '0', 'Absent', 0),
(34, '654', '2018-08-03', '0', '0', '0', '0', '0', 'Absent', 0),
(35, '654', '2018-08-04', '0', '0', '0', '0', '0', 'Weekend', 0),
(36, '654', '2018-08-05', '0', '0', '0', '0', '0', 'Weekend', 0),
(37, '654', '2018-08-06', '0', '0', '0', '0', '0', 'Absent', 0),
(38, '654', '2018-08-07', '0', '0', '0', '0', '0', 'Absent', 0),
(39, '654', '2018-08-08', '0', '0', '0', '0', '0', 'Absent', 0),
(40, '654', '2018-08-09', '0', '0', '0', '0', '0', 'Absent', 0),
(41, '654', '2018-08-10', '0', '0', '0', '0', '0', 'Absent', 0),
(42, '654', '2018-08-11', '0', '0', '0', '0', '0', 'Weekend', 0),
(43, '654', '2018-08-12', '0', '0', '0', '0', '0', 'Weekend', 0),
(44, '654', '2018-08-13', '0', '0', '0', '0', '0', 'Absent', 0),
(45, '654', '2018-08-14', '0', '0', '0', '0', '0', 'Absent', 0),
(46, '654', '2018-08-15', '0', '0', '0', '0', '0', 'Absent', 0),
(47, '654', '2018-08-16', '0', '0', '0', '0', '0', 'Absent', 0),
(48, '654', '2018-08-17', '08:02', '10:03', '03:04', '05:04', '241', 'Tardy and Undertime', 0),
(49, '654', '2018-08-18', '0', '0', '0', '0', '0', 'Weekend', 0),
(50, '654', '2018-08-19', '0', '0', '0', '0', '0', 'Weekend', 0),
(51, '654', '2018-08-20', '0', '0', '0', '0', '0', 'Absent', 0),
(52, '654', '2018-08-21', '0', '0', '0', '0', '0', 'Absent', 0),
(53, '654', '2018-08-22', '0', '0', '0', '0', '0', 'Absent', 0),
(54, '654', '2018-08-23', '0', '0', '0', '0', '0', 'Absent', 0),
(55, '654', '2018-08-24', '0', '0', '0', '0', '0', 'Absent', 0),
(56, '654', '2018-08-25', '0', '0', '0', '0', '0', 'Weekend', 0),
(57, '654', '2018-08-26', '0', '0', '0', '0', '0', 'Weekend', 0),
(58, '654', '2018-08-27', '0', '0', '0', '0', '0', 'Absent', 0),
(59, '654', '2018-08-28', '0', '0', '0', '0', '0', 'Absent', 0),
(60, '654', '2018-08-29', '0', '0', '0', '0', '0', 'Absent', 0),
(61, '654', '2018-08-30', '0', '0', '0', '0', '0', 'Absent', 0),
(62, '654', '2018-08-31', '0', '0', '0', '0', '0', 'Absent', 0),
(63, '654', '2018-07-01', '08:00', '10:07', '03:04', '06:04', '460.5', 'Overtime', 0),
(64, '654', '2018-07-02', '0', '0', '0', '0', '0', 'Absent', 0),
(65, '654', '2018-07-03', '0', '0', '0', '0', '0', 'Absent', 0),
(66, '654', '2018-07-04', '0', '0', '0', '0', '0', 'Absent', 0),
(67, '654', '2018-07-05', '0', '0', '0', '0', '0', 'Absent', 0),
(68, '654', '2018-07-06', '0', '0', '0', '0', '0', 'Absent', 0),
(69, '654', '2018-07-07', '0', '0', '0', '0', '0', 'Weekend', 0),
(70, '654', '2018-07-08', '0', '0', '0', '0', '0', 'Weekend', 0),
(71, '654', '2018-07-09', '0', '0', '0', '0', '0', 'Absent', 0),
(72, '654', '2018-07-10', '0', '0', '0', '0', '0', 'Absent', 0),
(73, '654', '2018-07-11', '0', '0', '0', '0', '0', 'Absent', 0),
(74, '654', '2018-07-12', '0', '0', '0', '0', '0', 'Holiday', 0),
(75, '654', '2018-07-13', '0', '0', '0', '0', '0', 'Absent', 0),
(76, '654', '2018-07-14', '0', '0', '0', '0', '0', 'Weekend', 0),
(77, '654', '2018-07-15', '0', '0', '0', '0', '0', 'Weekend', 0),
(78, '654', '2018-07-16', '0', '0', '0', '0', '0', 'Absent', 0),
(79, '654', '2018-07-17', '0', '0', '0', '0', '0', 'Holiday', 0),
(80, '654', '2018-07-18', '0', '0', '0', '0', '0', 'Absent', 0),
(81, '654', '2018-07-19', '0', '0', '0', '0', '0', 'Absent', 0),
(82, '654', '2018-07-20', '0', '0', '0', '0', '0', 'Absent', 0),
(83, '654', '2018-07-21', '0', '0', '0', '0', '0', 'Weekend', 0),
(84, '654', '2018-07-22', '0', '0', '0', '0', '0', 'Weekend', 0),
(85, '654', '2018-07-23', '0', '0', '0', '0', '0', 'Absent', 0),
(86, '654', '2018-07-24', '0', '0', '0', '0', '0', 'Absent', 0),
(87, '654', '2018-07-25', '0', '0', '0', '0', '0', 'Absent', 0),
(88, '654', '2018-07-26', '0', '0', '0', '0', '0', 'Holiday', 0),
(89, '654', '2018-07-27', '0', '0', '0', '0', '0', 'Absent', 0),
(90, '654', '2018-07-28', '0', '0', '0', '0', '0', 'Weekend', 0),
(91, '654', '2018-07-29', '0', '0', '0', '0', '0', 'Weekend', 0),
(92, '654', '2018-07-30', '0', '0', '0', '0', '0', 'Absent', 0),
(93, '654', '2018-07-31', '0', '0', '0', '0', '0', 'Absent', 0),
(94, '654', '2018-02-01', '08:00', '12:00', '03:02', '04:04', '302', '', 0),
(95, '654', '2018-02-02', '0', '0', '0', '0', '0', 'Absent', 0),
(96, '654', '2018-02-03', '0', '0', '0', '0', '0', 'Weekend', 0),
(97, '654', '2018-02-04', '0', '0', '0', '0', '0', 'Weekend', 0),
(98, '654', '2018-02-05', '0', '0', '0', '0', '0', 'Absent', 0),
(99, '654', '2018-02-06', '0', '0', '0', '0', '0', 'Absent', 0),
(100, '654', '2018-02-07', '0', '0', '0', '0', '0', 'Absent', 0),
(101, '654', '2018-02-08', '0', '0', '0', '0', '0', 'Absent', 0),
(102, '654', '2018-02-09', '0', '0', '0', '0', '0', 'Absent', 0),
(103, '654', '2018-02-10', '0', '0', '0', '0', '0', 'Weekend', 0),
(104, '654', '2018-02-11', '0', '0', '0', '0', '0', 'Weekend', 0),
(105, '654', '2018-02-12', '0', '0', '0', '0', '0', 'Absent', 0),
(106, '654', '2018-02-13', '0', '0', '0', '0', '0', 'Absent', 0),
(107, '654', '2018-02-14', '0', '0', '0', '0', '0', 'Absent', 0),
(108, '654', '2018-02-15', '0', '0', '0', '0', '0', 'Absent', 0),
(109, '654', '2018-02-16', '0', '0', '0', '0', '0', 'Absent', 0),
(110, '654', '2018-02-17', '0', '0', '0', '0', '0', 'Weekend', 0),
(111, '654', '2018-02-18', '0', '0', '0', '0', '0', 'Weekend', 0),
(112, '654', '2018-02-19', '0', '0', '0', '0', '0', 'Absent', 0),
(113, '654', '2018-02-20', '0', '0', '0', '0', '0', 'Absent', 0),
(114, '654', '2018-02-21', '0', '0', '0', '0', '0', 'Absent', 0),
(115, '654', '2018-02-22', '0', '0', '0', '0', '0', 'Absent', 0),
(116, '654', '2018-02-23', '0', '0', '0', '0', '0', 'Absent', 0),
(117, '654', '2018-02-24', '0', '0', '0', '0', '0', 'Weekend', 0),
(118, '654', '2018-02-25', '0', '0', '0', '0', '0', 'Weekend', 0),
(119, '654', '2018-02-26', '0', '0', '0', '0', '0', 'Absent', 0),
(120, '654', '2018-02-27', '0', '0', '0', '0', '0', 'Absent', 0),
(121, '654', '2018-02-28', '0', '0', '0', '0', '0', 'Absent', 0),
(122, '654', '2018-01-01', '08:04', '11:01', '03:06', '03:08', '179', 'Tardy and Undertime', 0),
(123, '654', '2018-01-02', '08:00', '09:04', '0', '0', '64', 'Undertime', 0),
(124, '654', '2018-01-03', '0', '0', '0', '0', '0', 'Absent', 0),
(125, '654', '2018-01-04', '0', '0', '0', '0', '0', 'Absent', 0),
(126, '654', '2018-01-05', '0', '0', '0', '0', '0', 'Absent', 0),
(127, '654', '2018-01-06', '0', '0', '0', '0', '0', 'Weekend', 0),
(128, '654', '2018-01-07', '0', '0', '0', '0', '0', 'Weekend', 0),
(129, '654', '2018-01-08', '0', '0', '0', '0', '0', 'Absent', 0),
(130, '654', '2018-01-09', '0', '0', '0', '0', '0', 'Absent', 0),
(131, '654', '2018-01-10', '0', '0', '0', '0', '0', 'Absent', 0),
(132, '654', '2018-01-11', '0', '0', '0', '0', '0', 'Absent', 0),
(133, '654', '2018-01-12', '0', '0', '0', '0', '0', 'Absent', 0),
(134, '654', '2018-01-13', '0', '0', '0', '0', '0', 'Weekend', 0),
(135, '654', '2018-01-14', '0', '0', '0', '0', '0', 'Weekend', 0),
(136, '654', '2018-01-15', '0', '0', '0', '0', '0', 'Absent', 0),
(137, '654', '2018-01-16', '0', '0', '0', '0', '0', 'Absent', 0),
(138, '654', '2018-01-17', '0', '0', '0', '0', '0', 'Absent', 0),
(139, '654', '2018-01-18', '0', '0', '0', '0', '0', 'Absent', 0),
(140, '654', '2018-01-19', '0', '0', '0', '0', '0', 'Absent', 0),
(141, '654', '2018-01-20', '0', '0', '0', '0', '0', 'Weekend', 0),
(142, '654', '2018-01-21', '0', '0', '0', '0', '0', 'Weekend', 0),
(143, '654', '2018-01-22', '0', '0', '0', '0', '0', 'Absent', 0),
(144, '654', '2018-01-23', '0', '0', '0', '0', '0', 'Absent', 0),
(145, '654', '2018-01-24', '0', '0', '0', '0', '0', 'Absent', 0),
(146, '654', '2018-01-25', '0', '0', '0', '0', '0', 'Absent', 0),
(147, '654', '2018-01-26', '0', '0', '0', '0', '0', 'Absent', 0),
(148, '654', '2018-01-27', '0', '0', '0', '0', '0', 'Weekend', 0),
(149, '654', '2018-01-28', '0', '0', '0', '0', '0', 'Weekend', 0),
(150, '654', '2018-01-29', '0', '0', '0', '0', '0', 'Absent', 0),
(151, '654', '2018-01-30', '0', '0', '0', '0', '0', 'Absent', 0),
(152, '654', '2018-01-31', '0', '0', '0', '0', '0', 'Absent', 0),
(153, '654', '2015-02-01', '08:00', '08:03', '05:03', '06:03', '94.5', 'Overtime', 0),
(154, '654', '2015-02-02', '0', '0', '0', '0', '0', 'Absent', 0),
(155, '654', '2015-02-03', '0', '0', '0', '0', '0', 'Absent', 0),
(156, '654', '2015-02-04', '0', '0', '0', '0', '0', 'Absent', 0),
(157, '654', '2015-02-05', '0', '0', '0', '0', '0', 'Absent', 0),
(158, '654', '2015-02-06', '0', '0', '0', '0', '0', 'Absent', 0),
(159, '654', '2015-02-07', '0', '0', '0', '0', '0', 'Weekend', 0),
(160, '654', '2015-02-08', '0', '0', '0', '0', '0', 'Weekend', 0),
(161, '654', '2015-02-09', '0', '0', '0', '0', '0', 'Absent', 0),
(162, '654', '2015-02-10', '0', '0', '0', '0', '0', 'Absent', 0),
(163, '654', '2015-02-11', '0', '0', '0', '0', '0', 'Absent', 0),
(164, '654', '2015-02-12', '0', '0', '0', '0', '0', 'Absent', 0),
(165, '654', '2015-02-13', '0', '0', '0', '0', '0', 'Absent', 0),
(166, '654', '2015-02-14', '0', '0', '0', '0', '0', 'Weekend', 0),
(167, '654', '2015-02-15', '0', '0', '0', '0', '0', 'Weekend', 0),
(168, '654', '2015-02-16', '0', '0', '0', '0', '0', 'Absent', 0),
(169, '654', '2015-02-17', '0', '0', '0', '0', '0', 'Absent', 0),
(170, '654', '2015-02-18', '0', '0', '0', '0', '0', 'Absent', 0),
(171, '654', '2015-02-19', '0', '0', '0', '0', '0', 'Absent', 0),
(172, '654', '2015-02-20', '0', '0', '0', '0', '0', 'Absent', 0),
(173, '654', '2015-02-21', '0', '0', '0', '0', '0', 'Weekend', 0),
(174, '654', '2015-02-22', '0', '0', '0', '0', '0', 'Weekend', 0),
(175, '654', '2015-02-23', '0', '0', '0', '0', '0', 'Absent', 0),
(176, '654', '2015-02-24', '0', '0', '0', '0', '0', 'Absent', 0),
(177, '654', '2015-02-25', '0', '0', '0', '0', '0', 'Absent', 0),
(178, '654', '2015-02-26', '0', '0', '0', '0', '0', 'Absent', 0),
(179, '654', '2015-02-27', '0', '0', '0', '0', '0', 'Absent', 0),
(180, '654', '2015-02-28', '0', '0', '0', '0', '0', 'Weekend', 0),
(181, '654', '2020-02-01', '08:00', '12:00', '01:00', '09:00', '1080', 'Overtime', 0),
(182, '654', '2020-02-02', '0', '0', '0', '0', '0', 'Weekend', 0),
(183, '654', '2020-02-03', '0', '0', '0', '0', '0', 'Absent', 0),
(184, '654', '2020-02-04', '0', '0', '0', '0', '0', 'Absent', 0),
(185, '654', '2020-02-05', '0', '0', '0', '0', '0', 'Absent', 0),
(186, '654', '2020-02-06', '0', '0', '0', '0', '0', 'Absent', 0),
(187, '654', '2020-02-07', '0', '0', '0', '0', '0', 'Absent', 0),
(188, '654', '2020-02-08', '0', '0', '0', '0', '0', 'Weekend', 0),
(189, '654', '2020-02-09', '0', '0', '0', '0', '0', 'Weekend', 0),
(190, '654', '2020-02-10', '0', '0', '0', '0', '0', 'Absent', 0),
(191, '654', '2020-02-11', '0', '0', '0', '0', '0', 'Absent', 0),
(192, '654', '2020-02-12', '0', '0', '0', '0', '0', 'Absent', 0),
(193, '654', '2020-02-13', '0', '0', '0', '0', '0', 'Absent', 0),
(194, '654', '2020-02-14', '0', '0', '0', '0', '0', 'Absent', 0),
(195, '654', '2020-02-15', '0', '0', '0', '0', '0', 'Weekend', 0),
(196, '654', '2020-02-16', '0', '0', '0', '0', '0', 'Weekend', 0),
(197, '654', '2020-02-17', '0', '0', '0', '0', '0', 'Absent', 0),
(198, '654', '2020-02-18', '0', '0', '0', '0', '0', 'Absent', 0),
(199, '654', '2020-02-19', '0', '0', '0', '0', '0', 'Absent', 0),
(200, '654', '2020-02-20', '0', '0', '0', '0', '0', 'Absent', 0),
(201, '654', '2020-02-21', '0', '0', '0', '0', '0', 'Absent', 0),
(202, '654', '2020-02-22', '0', '0', '0', '0', '0', 'Weekend', 0),
(203, '654', '2020-02-23', '0', '0', '0', '0', '0', 'Weekend', 0),
(204, '654', '2020-02-24', '0', '0', '0', '0', '0', 'Absent', 0),
(205, '654', '2020-02-25', '0', '0', '0', '0', '0', 'Absent', 0),
(206, '654', '2020-02-26', '0', '0', '0', '0', '0', 'Absent', 0),
(207, '654', '2020-02-27', '0', '0', '0', '0', '0', 'Absent', 0),
(208, '654', '2020-02-28', '0', '0', '0', '0', '0', 'Absent', 0),
(209, '654', '2020-02-29', '0', '0', '0', '0', '0', 'Weekend', 0),
(210, '654', '2007-01-01', '08:02', '09:05', '03:06', '03:10', '67', 'Tardy and Undertime', 0),
(211, '654', '2007-01-02', '0', '0', '0', '0', '0', 'Absent', 0),
(212, '654', '2007-01-03', '0', '0', '0', '0', '0', 'Absent', 0),
(213, '654', '2007-01-04', '0', '0', '0', '0', '0', 'Absent', 0),
(214, '654', '2007-01-05', '0', '0', '0', '0', '0', 'Absent', 0),
(215, '654', '2007-01-06', '0', '0', '0', '0', '0', 'Weekend', 0),
(216, '654', '2007-01-07', '0', '0', '0', '0', '0', 'Weekend', 0),
(217, '654', '2007-01-08', '0', '0', '0', '0', '0', 'Absent', 0),
(218, '654', '2007-01-09', '0', '0', '0', '0', '0', 'Absent', 0),
(219, '654', '2007-01-10', '0', '0', '0', '0', '0', 'Absent', 0),
(220, '654', '2007-01-11', '0', '0', '0', '0', '0', 'Absent', 0),
(221, '654', '2007-01-12', '0', '0', '0', '0', '0', 'Absent', 0),
(222, '654', '2007-01-13', '0', '0', '0', '0', '0', 'Weekend', 0),
(223, '654', '2007-01-14', '0', '0', '0', '0', '0', 'Weekend', 0),
(224, '654', '2007-01-15', '0', '0', '0', '0', '0', 'Absent', 0),
(225, '654', '2007-01-16', '0', '0', '0', '0', '0', 'Absent', 0),
(226, '654', '2007-01-17', '0', '0', '0', '0', '0', 'Absent', 0),
(227, '654', '2007-01-18', '0', '0', '0', '0', '0', 'Absent', 0),
(228, '654', '2007-01-19', '0', '0', '0', '0', '0', 'Absent', 0),
(229, '654', '2007-01-20', '0', '0', '0', '0', '0', 'Weekend', 0),
(230, '654', '2007-01-21', '0', '0', '0', '0', '0', 'Weekend', 0),
(231, '654', '2007-01-22', '0', '0', '0', '0', '0', 'Absent', 0),
(232, '654', '2007-01-23', '0', '0', '0', '0', '0', 'Absent', 0),
(233, '654', '2007-01-24', '0', '0', '0', '0', '0', 'Absent', 0),
(234, '654', '2007-01-25', '0', '0', '0', '0', '0', 'Absent', 0),
(235, '654', '2007-01-26', '0', '0', '0', '0', '0', 'Absent', 0),
(236, '654', '2007-01-27', '0', '0', '0', '0', '0', 'Weekend', 0),
(237, '654', '2007-01-28', '0', '0', '0', '0', '0', 'Weekend', 0),
(238, '654', '2007-01-29', '0', '0', '0', '0', '0', 'Absent', 0),
(239, '654', '2007-01-30', '0', '0', '0', '0', '0', 'Absent', 0),
(240, '654', '2007-01-31', '0', '0', '0', '0', '0', 'Absent', 0),
(241, '654', '2019-01-01', '08:00', '10:04', '05:04', '08:02', '302', 'Undertime', 0),
(242, '654', '2019-01-02', '0', '0', '0', '0', '0', 'Absent', 0),
(243, '654', '2019-01-03', '0', '0', '0', '0', '0', 'Absent', 0),
(244, '654', '2019-01-04', '0', '0', '0', '0', '0', 'Absent', 0),
(245, '654', '2019-01-05', '0', '0', '0', '0', '0', 'Weekend', 0),
(246, '654', '2019-01-06', '0', '0', '0', '0', '0', 'Weekend', 0),
(247, '654', '2019-01-07', '0', '0', '0', '0', '0', 'Absent', 0),
(248, '654', '2019-01-08', '0', '0', '0', '0', '0', 'Absent', 0),
(249, '654', '2019-01-09', '0', '0', '0', '0', '0', 'Absent', 0),
(250, '654', '2019-01-10', '0', '0', '0', '0', '0', 'Absent', 0),
(251, '654', '2019-01-11', '0', '0', '0', '0', '0', 'Absent', 0),
(252, '654', '2019-01-12', '0', '0', '0', '0', '0', 'Weekend', 0),
(253, '654', '2019-01-13', '0', '0', '0', '0', '0', 'Weekend', 0),
(254, '654', '2019-01-14', '0', '0', '0', '0', '0', 'Absent', 0),
(255, '654', '2019-01-15', '0', '0', '0', '0', '0', 'Absent', 0),
(256, '654', '2019-01-16', '0', '0', '0', '0', '0', 'Absent', 0),
(257, '654', '2019-01-17', '0', '0', '0', '0', '0', 'Absent', 0),
(258, '654', '2019-01-18', '0', '0', '0', '0', '0', 'Absent', 0),
(259, '654', '2019-01-19', '0', '0', '0', '0', '0', 'Weekend', 0),
(260, '654', '2019-01-20', '0', '0', '0', '0', '0', 'Weekend', 0),
(261, '654', '2019-01-21', '0', '0', '0', '0', '0', 'Absent', 0),
(262, '654', '2019-01-22', '0', '0', '0', '0', '0', 'Absent', 0),
(263, '654', '2019-01-23', '0', '0', '0', '0', '0', 'Absent', 0),
(264, '654', '2019-01-24', '0', '0', '0', '0', '0', 'Absent', 0),
(265, '654', '2019-01-25', '0', '0', '0', '0', '0', 'Absent', 0),
(266, '654', '2019-01-26', '0', '0', '0', '0', '0', 'Weekend', 0),
(267, '654', '2019-01-27', '0', '0', '0', '0', '0', 'Weekend', 0),
(268, '654', '2019-01-28', '0', '0', '0', '0', '0', 'Absent', 0),
(269, '654', '2019-01-29', '0', '0', '0', '0', '0', 'Absent', 0),
(270, '654', '2019-01-30', '0', '0', '0', '0', '0', 'Absent', 0),
(271, '654', '2019-01-31', '0', '0', '0', '0', '0', 'Absent', 0),
(272, '16565', '2019-01-01', '08:00', '12:00', '01:00', '09:00', '0', 'Overtime', 0),
(273, '16565', '2019-01-02', '08:00', '09:02', '01:02', '04:02', '242', 'Undertime', 0),
(274, '16565', '2019-01-03', '0', '0', '0', '0', '0', 'Absent', 0),
(275, '16565', '2019-01-04', '0', '0', '0', '0', '0', 'Absent', 0),
(276, '16565', '2019-01-05', '0', '0', '0', '0', '0', 'Weekend', 0),
(277, '16565', '2019-01-06', '0', '0', '0', '0', '0', 'Weekend', 0),
(278, '16565', '2019-01-07', '0', '0', '0', '0', '0', 'Absent', 0),
(279, '16565', '2019-01-08', '0', '0', '0', '0', '0', 'Absent', 0),
(280, '16565', '2019-01-09', '0', '0', '0', '0', '0', 'Absent', 0),
(281, '16565', '2019-01-10', '0', '0', '0', '0', '0', 'Absent', 0),
(282, '16565', '2019-01-11', '0', '0', '0', '0', '0', 'Absent', 0),
(283, '16565', '2019-01-12', '0', '0', '0', '0', '0', 'Weekend', 0),
(284, '16565', '2019-01-13', '0', '0', '0', '0', '0', 'Weekend', 0),
(285, '16565', '2019-01-14', '0', '0', '0', '0', '0', 'Absent', 0),
(286, '16565', '2019-01-15', '0', '0', '0', '0', '0', 'Absent', 0),
(287, '16565', '2019-01-16', '0', '0', '0', '0', '0', 'Absent', 0),
(288, '16565', '2019-01-17', '0', '0', '0', '0', '0', 'Absent', 0),
(289, '16565', '2019-01-18', '0', '0', '0', '0', '0', 'Absent', 0),
(290, '16565', '2019-01-19', '0', '0', '0', '0', '0', 'Weekend', 0),
(291, '16565', '2019-01-20', '0', '0', '0', '0', '0', 'Weekend', 0),
(292, '16565', '2019-01-21', '0', '0', '0', '0', '0', 'Absent', 0),
(293, '16565', '2019-01-22', '0', '0', '0', '0', '0', 'Absent', 0),
(294, '16565', '2019-01-23', '0', '0', '0', '0', '0', 'Absent', 0),
(295, '16565', '2019-01-24', '0', '0', '0', '0', '0', 'Absent', 0),
(296, '16565', '2019-01-25', '0', '0', '0', '0', '0', 'Absent', 0),
(297, '16565', '2019-01-26', '0', '0', '0', '0', '0', 'Weekend', 0),
(298, '16565', '2019-01-27', '0', '0', '0', '0', '0', 'Weekend', 0),
(299, '16565', '2019-01-28', '0', '0', '0', '0', '0', 'Absent', 0),
(300, '16565', '2019-01-29', '0', '0', '0', '0', '0', 'Absent', 0),
(301, '16565', '2019-01-30', '0', '0', '0', '0', '0', 'Absent', 0),
(302, '16565', '2019-01-31', '0', '0', '0', '0', '0', 'Absent', 0),
(303, '16565', '2019-02-01', '08:00', '12:00', '01:00', '09:01', '773.75', 'Overtime', 0),
(304, '16565', '2019-02-02', '0', '0', '0', '0', '0', 'Weekend', 0),
(305, '16565', '2019-02-03', '0', '0', '0', '0', '0', 'Weekend', 0),
(306, '16565', '2019-02-04', '0', '0', '0', '0', '0', 'Absent', 0),
(307, '16565', '2019-02-05', '0', '0', '0', '0', '0', 'Absent', 0),
(308, '16565', '2019-02-06', '0', '0', '0', '0', '0', 'Absent', 0),
(309, '16565', '2019-02-07', '0', '0', '0', '0', '0', 'Absent', 0),
(310, '16565', '2019-02-08', '0', '0', '0', '0', '0', 'Absent', 0),
(311, '16565', '2019-02-09', '0', '0', '0', '0', '0', 'Weekend', 0),
(312, '16565', '2019-02-10', '0', '0', '0', '0', '0', 'Weekend', 0),
(313, '16565', '2019-02-11', '0', '0', '0', '0', '0', 'Absent', 0),
(314, '16565', '2019-02-12', '0', '0', '0', '0', '0', 'Absent', 0),
(315, '16565', '2019-02-13', '0', '0', '0', '0', '0', 'Absent', 0),
(316, '16565', '2019-02-14', '0', '0', '0', '0', '0', 'Absent', 0),
(317, '16565', '2019-02-15', '0', '0', '0', '0', '0', 'Absent', 0),
(318, '16565', '2019-02-16', '0', '0', '0', '0', '0', 'Weekend', 0),
(319, '16565', '2019-02-17', '0', '0', '0', '0', '0', 'Weekend', 0),
(320, '16565', '2019-02-18', '0', '0', '0', '0', '0', 'Absent', 0),
(321, '16565', '2019-02-19', '0', '0', '0', '0', '0', 'Absent', 0),
(322, '16565', '2019-02-20', '0', '0', '0', '0', '0', 'Absent', 0),
(323, '16565', '2019-02-21', '0', '0', '0', '0', '0', 'Absent', 0),
(324, '16565', '2019-02-22', '0', '0', '0', '0', '0', 'Absent', 0),
(325, '16565', '2019-02-23', '0', '0', '0', '0', '0', 'Weekend', 0),
(326, '16565', '2019-02-24', '0', '0', '0', '0', '0', 'Weekend', 0),
(327, '16565', '2019-02-25', '0', '0', '0', '0', '0', 'Absent', 0),
(328, '16565', '2019-02-26', '0', '0', '0', '0', '0', 'Absent', 0),
(329, '16565', '2019-02-27', '0', '0', '0', '0', '0', 'Absent', 0),
(330, '16565', '2019-02-28', '0', '0', '0', '0', '0', 'Absent', 0),
(331, '16565', '2019-03-01', '08:00', '11:03', '0', '0', '183', 'Undertime', 0),
(332, '16565', '2019-03-02', '0', '0', '0', '0', '0', 'Weekend', 0),
(333, '16565', '2019-03-03', '0', '0', '0', '0', '0', 'Weekend', 0),
(334, '16565', '2019-03-04', '0', '0', '0', '0', '0', 'Absent', 0),
(335, '16565', '2019-03-05', '0', '0', '0', '0', '0', 'Absent', 0),
(336, '16565', '2019-03-06', '0', '0', '0', '0', '0', 'Absent', 0),
(337, '16565', '2019-03-07', '0', '0', '0', '0', '0', 'Absent', 0),
(338, '16565', '2019-03-08', '0', '0', '0', '0', '0', 'Absent', 0),
(339, '16565', '2019-03-09', '0', '0', '0', '0', '0', 'Weekend', 0),
(340, '16565', '2019-03-10', '0', '0', '0', '0', '0', 'Weekend', 0),
(341, '16565', '2019-03-11', '0', '0', '0', '0', '0', 'Absent', 0),
(342, '16565', '2019-03-12', '0', '0', '0', '0', '0', 'Absent', 0),
(343, '16565', '2019-03-13', '0', '0', '0', '0', '0', 'Absent', 0),
(344, '16565', '2019-03-14', '0', '0', '0', '0', '0', 'Absent', 0),
(345, '16565', '2019-03-15', '0', '0', '0', '0', '0', 'Absent', 0),
(346, '16565', '2019-03-16', '0', '0', '0', '0', '0', 'Weekend', 0),
(347, '16565', '2019-03-17', '0', '0', '0', '0', '0', 'Weekend', 0),
(348, '16565', '2019-03-18', '0', '0', '0', '0', '0', 'Absent', 0),
(349, '16565', '2019-03-19', '0', '0', '0', '0', '0', 'Absent', 0),
(350, '16565', '2019-03-20', '0', '0', '0', '0', '0', 'Absent', 0),
(351, '16565', '2019-03-21', '0', '0', '0', '0', '0', 'Absent', 0),
(352, '16565', '2019-03-22', '0', '0', '0', '0', '0', 'Absent', 0),
(353, '16565', '2019-03-23', '0', '0', '0', '0', '0', 'Weekend', 0),
(354, '16565', '2019-03-24', '0', '0', '0', '0', '0', 'Weekend', 0),
(355, '16565', '2019-03-25', '0', '0', '0', '0', '0', 'Absent', 0),
(356, '16565', '2019-03-26', '0', '0', '0', '0', '0', 'Absent', 0),
(357, '16565', '2019-03-27', '0', '0', '0', '0', '0', 'Absent', 0),
(358, '16565', '2019-03-28', '0', '0', '0', '0', '0', 'Absent', 0),
(359, '16565', '2019-03-29', '0', '0', '0', '0', '0', 'Absent', 0),
(360, '16565', '2019-03-30', '0', '0', '0', '0', '0', 'Weekend', 0),
(361, '16565', '2019-03-31', '0', '0', '0', '0', '0', 'Weekend', 0),
(362, '654654654', '2019-01-01', '08:00', '10:04', '02:05', '07:02', '421', 'Undertime', 0),
(363, '654654654', '2019-01-02', '08:00', '12:00', '01:00', '09:00', '772.5', 'Overtime', 0),
(364, '654654654', '2019-01-03', '0', '0', '0', '0', '0', 'Absent', 0),
(365, '654654654', '2019-01-04', '0', '0', '0', '0', '0', 'Absent', 0),
(366, '654654654', '2019-01-05', '0', '0', '0', '0', '0', 'Weekend', 0),
(367, '654654654', '2019-01-06', '0', '0', '0', '0', '0', 'Weekend', 0),
(368, '654654654', '2019-01-07', '0', '0', '0', '0', '0', 'Absent', 0),
(369, '654654654', '2019-01-08', '0', '0', '0', '0', '0', 'Absent', 0),
(370, '654654654', '2019-01-09', '0', '0', '0', '0', '0', 'Absent', 0),
(371, '654654654', '2019-01-10', '0', '0', '0', '0', '0', 'Absent', 0),
(372, '654654654', '2019-01-11', '0', '0', '0', '0', '0', 'Absent', 0),
(373, '654654654', '2019-01-12', '0', '0', '0', '0', '0', 'Weekend', 0),
(374, '654654654', '2019-01-13', '0', '0', '0', '0', '0', 'Weekend', 0),
(375, '654654654', '2019-01-14', '0', '0', '0', '0', '0', 'Absent', 0),
(376, '654654654', '2019-01-15', '0', '0', '0', '0', '0', 'Absent', 0),
(377, '654654654', '2019-01-16', '0', '0', '0', '0', '0', 'Absent', 0),
(378, '654654654', '2019-01-17', '0', '0', '0', '0', '0', 'Absent', 0),
(379, '654654654', '2019-01-18', '0', '0', '0', '0', '0', 'Absent', 0),
(380, '654654654', '2019-01-19', '0', '0', '0', '0', '0', 'Weekend', 0),
(381, '654654654', '2019-01-20', '0', '0', '0', '0', '0', 'Weekend', 0),
(382, '654654654', '2019-01-21', '0', '0', '0', '0', '0', 'Absent', 0),
(383, '654654654', '2019-01-22', '0', '0', '0', '0', '0', 'Absent', 0),
(384, '654654654', '2019-01-23', '0', '0', '0', '0', '0', 'Absent', 0),
(385, '654654654', '2019-01-24', '0', '0', '0', '0', '0', 'Absent', 0),
(386, '654654654', '2019-01-25', '0', '0', '0', '0', '0', 'Absent', 0),
(387, '654654654', '2019-01-26', '0', '0', '0', '0', '0', 'Weekend', 0),
(388, '654654654', '2019-01-27', '0', '0', '0', '0', '0', 'Weekend', 0),
(389, '654654654', '2019-01-28', '0', '0', '0', '0', '0', 'Absent', 0),
(390, '654654654', '2019-01-29', '0', '0', '0', '0', '0', 'Absent', 0),
(391, '654654654', '2019-01-30', '0', '0', '0', '0', '0', 'Absent', 0),
(392, '654654654', '2019-01-31', '0', '0', '0', '0', '0', 'Absent', 0),
(393, '654654654', '2019-03-01', '08:00', '10:04', '02:05', '03:05', '184', 'Undertime', 0),
(394, '654654654', '2019-03-02', '08:00', '10:04', '02:05', '03:05', '276', 'Overtime', 0),
(395, '654654654', '2019-03-03', '08:00', '10:04', '02:05', '03:05', '276', 'Overtime', 0),
(396, '654654654', '2019-03-04', '0', '0', '0', '0', '0', 'Absent', 0),
(397, '654654654', '2019-03-05', '0', '0', '0', '0', '0', 'Absent', 0),
(398, '654654654', '2019-03-06', '0', '0', '0', '0', '0', 'Absent', 0),
(399, '654654654', '2019-03-07', '0', '0', '0', '0', '0', 'Absent', 0),
(400, '654654654', '2019-03-08', '0', '0', '0', '0', '0', 'Absent', 0),
(401, '654654654', '2019-03-09', '0', '0', '0', '0', '0', 'Weekend', 0),
(402, '654654654', '2019-03-10', '0', '0', '0', '0', '0', 'Weekend', 0),
(403, '654654654', '2019-03-11', '0', '0', '0', '0', '0', 'Absent', 0),
(404, '654654654', '2019-03-12', '0', '0', '0', '0', '0', 'Absent', 0),
(405, '654654654', '2019-03-13', '0', '0', '0', '0', '0', 'Absent', 0),
(406, '654654654', '2019-03-14', '0', '0', '0', '0', '0', 'Absent', 0),
(407, '654654654', '2019-03-15', '0', '0', '0', '0', '0', 'Absent', 0),
(408, '654654654', '2019-03-16', '0', '0', '0', '0', '0', 'Weekend', 0),
(409, '654654654', '2019-03-17', '0', '0', '0', '0', '0', 'Weekend', 0),
(410, '654654654', '2019-03-18', '0', '0', '0', '0', '0', 'Absent', 0),
(411, '654654654', '2019-03-19', '0', '0', '0', '0', '0', 'Absent', 0),
(412, '654654654', '2019-03-20', '0', '0', '0', '0', '0', 'Absent', 0),
(413, '654654654', '2019-03-21', '0', '0', '0', '0', '0', 'Absent', 0),
(414, '654654654', '2019-03-22', '0', '0', '0', '0', '0', 'Absent', 0),
(415, '654654654', '2019-03-23', '0', '0', '0', '0', '0', 'Weekend', 0),
(416, '654654654', '2019-03-24', '0', '0', '0', '0', '0', 'Weekend', 0),
(417, '654654654', '2019-03-25', '0', '0', '0', '0', '0', 'Absent', 0),
(418, '654654654', '2019-03-26', '0', '0', '0', '0', '0', 'Absent', 0),
(419, '654654654', '2019-03-27', '0', '0', '0', '0', '0', 'Absent', 0),
(420, '654654654', '2019-03-28', '0', '0', '0', '0', '0', 'Absent', 0),
(421, '654654654', '2019-03-29', '0', '0', '0', '0', '0', 'Absent', 0),
(422, '654654654', '2019-03-30', '0', '0', '0', '0', '0', 'Weekend', 0),
(423, '654654654', '2019-03-31', '0', '0', '0', '0', '0', 'Weekend', 0),
(424, '654654654', '2014-01-01', '08:00', '10:03', '04:05', '06:10', '248', 'Undertime', 0),
(425, '654654654', '2014-01-02', '0', '0', '0', '0', '0', 'Absent', 0),
(426, '654654654', '2014-01-03', '0', '0', '0', '0', '0', 'Absent', 0),
(427, '654654654', '2014-01-04', '0', '0', '0', '0', '0', 'Weekend', 0),
(428, '654654654', '2014-01-05', '0', '0', '0', '0', '0', 'Weekend', 0),
(429, '654654654', '2014-01-06', '0', '0', '0', '0', '0', 'Absent', 0),
(430, '654654654', '2014-01-07', '0', '0', '0', '0', '0', 'Absent', 0),
(431, '654654654', '2014-01-08', '0', '0', '0', '0', '0', 'Absent', 0),
(432, '654654654', '2014-01-09', '0', '0', '0', '0', '0', 'Absent', 0),
(433, '654654654', '2014-01-10', '0', '0', '0', '0', '0', 'Absent', 0),
(434, '654654654', '2014-01-11', '0', '0', '0', '0', '0', 'Weekend', 0),
(435, '654654654', '2014-01-12', '0', '0', '0', '0', '0', 'Weekend', 0),
(436, '654654654', '2014-01-13', '0', '0', '0', '0', '0', 'Absent', 0),
(437, '654654654', '2014-01-14', '0', '0', '0', '0', '0', 'Absent', 0),
(438, '654654654', '2014-01-15', '0', '0', '0', '0', '0', 'Absent', 0),
(439, '654654654', '2014-01-16', '0', '0', '0', '0', '0', 'Absent', 0),
(440, '654654654', '2014-01-17', '0', '0', '0', '0', '0', 'Absent', 0),
(441, '654654654', '2014-01-18', '0', '0', '0', '0', '0', 'Weekend', 0),
(442, '654654654', '2014-01-19', '0', '0', '0', '0', '0', 'Weekend', 0),
(443, '654654654', '2014-01-20', '0', '0', '0', '0', '0', 'Absent', 0),
(444, '654654654', '2014-01-21', '0', '0', '0', '0', '0', 'Absent', 0),
(445, '654654654', '2014-01-22', '0', '0', '0', '0', '0', 'Absent', 0),
(446, '654654654', '2014-01-23', '0', '0', '0', '0', '0', 'Absent', 0),
(447, '654654654', '2014-01-24', '0', '0', '0', '0', '0', 'Absent', 0),
(448, '654654654', '2014-01-25', '0', '0', '0', '0', '0', 'Weekend', 0),
(449, '654654654', '2014-01-26', '0', '0', '0', '0', '0', 'Weekend', 0),
(450, '654654654', '2014-01-27', '0', '0', '0', '0', '0', 'Absent', 0),
(451, '654654654', '2014-01-28', '0', '0', '0', '0', '0', 'Absent', 0),
(452, '654654654', '2014-01-29', '0', '0', '0', '0', '0', 'Absent', 0),
(453, '654654654', '2014-01-30', '0', '0', '0', '0', '0', 'Absent', 0),
(454, '654654654', '2014-01-31', '0', '0', '0', '0', '0', 'Absent', 0),
(455, '16565', '2018-05-01', '0', '0', '0', '0', '0', 'Absent', 0),
(456, '16565', '2018-05-02', '08:00', '12:00', '01:00', '06:00', '540', '', 0),
(457, '16565', '2018-05-03', '0', '0', '0', '0', '0', 'Absent', 0),
(458, '16565', '2018-05-04', '0', '0', '0', '0', '0', 'Absent', 0),
(459, '16565', '2018-05-05', '0', '0', '0', '0', '0', 'Weekend', 0),
(460, '16565', '2018-05-06', '0', '0', '0', '0', '0', 'Weekend', 0),
(461, '16565', '2018-05-07', '0', '0', '0', '0', '0', 'Absent', 0),
(462, '16565', '2018-05-08', '0', '0', '0', '0', '0', 'Absent', 0),
(463, '16565', '2018-05-09', '0', '0', '0', '0', '0', 'Absent', 0),
(464, '16565', '2018-05-10', '0', '0', '0', '0', '0', 'Absent', 0),
(465, '16565', '2018-05-11', '0', '0', '0', '0', '0', 'Absent', 0),
(466, '16565', '2018-05-12', '0', '0', '0', '0', '0', 'Weekend', 0),
(467, '16565', '2018-05-13', '0', '0', '0', '0', '0', 'Weekend', 0),
(468, '16565', '2018-05-14', '0', '0', '0', '0', '0', 'Absent', 0),
(469, '16565', '2018-05-15', '0', '0', '0', '0', '0', 'Absent', 0),
(470, '16565', '2018-05-16', '0', '0', '0', '0', '0', 'Absent', 0),
(471, '16565', '2018-05-17', '0', '0', '0', '0', '0', 'Absent', 0),
(472, '16565', '2018-05-18', '0', '0', '0', '0', '0', 'Absent', 0),
(473, '16565', '2018-05-19', '0', '0', '0', '0', '0', 'Weekend', 0),
(474, '16565', '2018-05-20', '0', '0', '0', '0', '0', 'Weekend', 0),
(475, '16565', '2018-05-21', '0', '0', '0', '0', '0', 'Absent', 0),
(476, '16565', '2018-05-22', '0', '0', '0', '0', '0', 'Absent', 0),
(477, '16565', '2018-05-23', '0', '0', '0', '0', '0', 'Absent', 0),
(478, '16565', '2018-05-24', '0', '0', '0', '0', '0', 'Absent', 0),
(479, '16565', '2018-05-25', '0', '0', '0', '0', '0', 'Absent', 0),
(480, '16565', '2018-05-26', '0', '0', '0', '0', '0', 'Weekend', 0),
(481, '16565', '2018-05-27', '0', '0', '0', '0', '0', 'Weekend', 0),
(482, '16565', '2018-05-28', '0', '0', '0', '0', '0', 'Absent', 0),
(483, '16565', '2018-05-29', '0', '0', '0', '0', '0', 'Absent', 0),
(484, '16565', '2018-05-30', '0', '0', '0', '0', '0', 'Absent', 0),
(485, '16565', '2018-05-31', '0', '0', '0', '0', '0', 'Absent', 0),
(486, '2018', '2020-01-01', '08:00', '12:00', '01:00', '09:00', '772.5', 'Overtime', 0),
(487, '2018', '2020-01-02', '0', '0', '0', '0', '0', 'Absent', 0),
(488, '2018', '2020-01-03', '0', '0', '0', '0', '0', 'Absent', 0),
(489, '2018', '2020-01-04', '0', '0', '0', '0', '0', 'Weekend', 0),
(490, '2018', '2020-01-05', '0', '0', '0', '0', '0', 'Weekend', 0),
(491, '2018', '2020-01-06', '0', '0', '0', '0', '0', 'Absent', 0),
(492, '2018', '2020-01-07', '0', '0', '0', '0', '0', 'Absent', 0),
(493, '2018', '2020-01-08', '0', '0', '0', '0', '0', 'Absent', 0),
(494, '2018', '2020-01-09', '0', '0', '0', '0', '0', 'Absent', 0),
(495, '2018', '2020-01-10', '0', '0', '0', '0', '0', 'Absent', 0),
(496, '2018', '2020-01-11', '0', '0', '0', '0', '0', 'Weekend', 0),
(497, '2018', '2020-01-12', '0', '0', '0', '0', '0', 'Weekend', 0),
(498, '2018', '2020-01-13', '0', '0', '0', '0', '0', 'Absent', 0),
(499, '2018', '2020-01-14', '0', '0', '0', '0', '0', 'Absent', 0),
(500, '2018', '2020-01-15', '0', '0', '0', '0', '0', 'Absent', 0),
(501, '2018', '2020-01-16', '0', '0', '0', '0', '0', 'Absent', 0),
(502, '2018', '2020-01-17', '0', '0', '0', '0', '0', 'Absent', 0),
(503, '2018', '2020-01-18', '0', '0', '0', '0', '0', 'Weekend', 0),
(504, '2018', '2020-01-19', '0', '0', '0', '0', '0', 'Weekend', 0),
(505, '2018', '2020-01-20', '0', '0', '0', '0', '0', 'Absent', 0),
(506, '2018', '2020-01-21', '0', '0', '0', '0', '0', 'Absent', 0),
(507, '2018', '2020-01-22', '0', '0', '0', '0', '0', 'Absent', 0),
(508, '2018', '2020-01-23', '0', '0', '0', '0', '0', 'Absent', 0),
(509, '2018', '2020-01-24', '0', '0', '0', '0', '0', 'Absent', 0),
(510, '2018', '2020-01-25', '0', '0', '0', '0', '0', 'Weekend', 0),
(511, '2018', '2020-01-26', '0', '0', '0', '0', '0', 'Weekend', 0),
(512, '2018', '2020-01-27', '0', '0', '0', '0', '0', 'Absent', 0),
(513, '2018', '2020-01-28', '0', '0', '0', '0', '0', 'Absent', 0),
(514, '2018', '2020-01-29', '0', '0', '0', '0', '0', 'Absent', 0),
(515, '2018', '2020-01-30', '0', '0', '0', '0', '0', 'Absent', 0),
(516, '2018', '2020-01-31', '0', '0', '0', '0', '0', 'Absent', 0),
(517, '654654654', '2020-02-01', '08:00', '09:04', '02:05', '06:02', '451.5', 'Overtime', 0),
(518, '654654654', '2020-02-02', '0', '0', '0', '0', '0', 'Weekend', 0),
(519, '654654654', '2020-02-03', '0', '0', '0', '0', '0', 'Absent', 0),
(520, '654654654', '2020-02-04', '0', '0', '0', '0', '0', 'Absent', 0),
(521, '654654654', '2020-02-05', '0', '0', '0', '0', '0', 'Absent', 0),
(522, '654654654', '2020-02-06', '0', '0', '0', '0', '0', 'Absent', 0),
(523, '654654654', '2020-02-07', '0', '0', '0', '0', '0', 'Absent', 0),
(524, '654654654', '2020-02-08', '0', '0', '0', '0', '0', 'Weekend', 0),
(525, '654654654', '2020-02-09', '0', '0', '0', '0', '0', 'Weekend', 0),
(526, '654654654', '2020-02-10', '0', '0', '0', '0', '0', 'Absent', 0),
(527, '654654654', '2020-02-11', '0', '0', '0', '0', '0', 'Absent', 0),
(528, '654654654', '2020-02-12', '0', '0', '0', '0', '0', 'Absent', 0),
(529, '654654654', '2020-02-13', '0', '0', '0', '0', '0', 'Absent', 0),
(530, '654654654', '2020-02-14', '0', '0', '0', '0', '0', 'Absent', 0),
(531, '654654654', '2020-02-15', '0', '0', '0', '0', '0', 'Weekend', 0),
(532, '654654654', '2020-02-16', '0', '0', '0', '0', '0', 'Weekend', 0),
(533, '654654654', '2020-02-17', '0', '0', '0', '0', '0', 'Absent', 0),
(534, '654654654', '2020-02-18', '0', '0', '0', '0', '0', 'Absent', 0),
(535, '654654654', '2020-02-19', '0', '0', '0', '0', '0', 'Absent', 0),
(536, '654654654', '2020-02-20', '0', '0', '0', '0', '0', 'Absent', 0),
(537, '654654654', '2020-02-21', '0', '0', '0', '0', '0', 'Absent', 0),
(538, '654654654', '2020-02-22', '0', '0', '0', '0', '0', 'Weekend', 0),
(539, '654654654', '2020-02-23', '0', '0', '0', '0', '0', 'Weekend', 0),
(540, '654654654', '2020-02-24', '0', '0', '0', '0', '0', 'Absent', 0),
(541, '654654654', '2020-02-25', '0', '0', '0', '0', '0', 'Absent', 0),
(542, '654654654', '2020-02-26', '0', '0', '0', '0', '0', 'Absent', 0),
(543, '654654654', '2020-02-27', '0', '0', '0', '0', '0', 'Absent', 0),
(544, '654654654', '2020-02-28', '0', '0', '0', '0', '0', 'Absent', 0),
(545, '654654654', '2020-02-29', '0', '0', '0', '0', '0', 'Weekend', 0),
(546, '16565', '2018-02-01', '08:00', '09:01', '0', '0', '61', 'Undertime', 0),
(547, '16565', '2018-02-02', '0', '0', '0', '0', '0', 'Absent', 0),
(548, '16565', '2018-02-03', '0', '0', '0', '0', '0', 'Weekend', 0),
(549, '16565', '2018-02-04', '0', '0', '0', '0', '0', 'Weekend', 0),
(550, '16565', '2018-02-05', '0', '0', '0', '0', '0', 'Absent', 0),
(551, '16565', '2018-02-06', '0', '0', '0', '0', '0', 'Absent', 0),
(552, '16565', '2018-02-07', '0', '0', '0', '0', '0', 'Absent', 0),
(553, '16565', '2018-02-08', '0', '0', '0', '0', '0', 'Absent', 0),
(554, '16565', '2018-02-09', '0', '0', '0', '0', '0', 'Absent', 0),
(555, '16565', '2018-02-10', '0', '0', '0', '0', '0', 'Weekend', 0),
(556, '16565', '2018-02-11', '0', '0', '0', '0', '0', 'Weekend', 0),
(557, '16565', '2018-02-12', '0', '0', '0', '0', '0', 'Absent', 0),
(558, '16565', '2018-02-13', '0', '0', '0', '0', '0', 'Absent', 0),
(559, '16565', '2018-02-14', '0', '0', '0', '0', '0', 'Absent', 0),
(560, '16565', '2018-02-15', '0', '0', '0', '0', '0', 'Absent', 0),
(561, '16565', '2018-02-16', '0', '0', '0', '0', '0', 'Absent', 0),
(562, '16565', '2018-02-17', '0', '0', '0', '0', '0', 'Weekend', 0),
(563, '16565', '2018-02-18', '0', '0', '0', '0', '0', 'Weekend', 0),
(564, '16565', '2018-02-19', '0', '0', '0', '0', '0', 'Absent', 0),
(565, '16565', '2018-02-20', '0', '0', '0', '0', '0', 'Absent', 0),
(566, '16565', '2018-02-21', '0', '0', '0', '0', '0', 'Absent', 0),
(567, '16565', '2018-02-22', '0', '0', '0', '0', '0', 'Absent', 0),
(568, '16565', '2018-02-23', '0', '0', '0', '0', '0', 'Absent', 0),
(569, '16565', '2018-02-24', '0', '0', '0', '0', '0', 'Weekend', 0),
(570, '16565', '2018-02-25', '0', '0', '0', '0', '0', 'Weekend', 0),
(571, '16565', '2018-02-26', '0', '0', '0', '0', '0', 'Absent', 0),
(572, '16565', '2018-02-27', '0', '0', '0', '0', '0', 'Absent', 0),
(573, '16565', '2018-02-28', '0', '0', '0', '0', '0', 'Absent', 0),
(574, '654654654', '2020-01-01', '0', '0', '01:04', '03:04', '120', 'Tardy', 0),
(575, '654654654', '2020-01-02', '08:00', '10:02', '0', '0', '122', 'Undertime', 0),
(576, '654654654', '2020-01-03', '0', '0', '0', '0', '0', 'Absent', 0),
(577, '654654654', '2020-01-04', '0', '0', '0', '0', '0', 'Weekend', 0),
(578, '654654654', '2020-01-05', '0', '0', '0', '0', '0', 'Weekend', 0),
(579, '654654654', '2020-01-06', '0', '0', '0', '0', '0', 'Absent', 0),
(580, '654654654', '2020-01-07', '0', '0', '0', '0', '0', 'Absent', 0),
(581, '654654654', '2020-01-08', '0', '0', '0', '0', '0', 'Absent', 0),
(582, '654654654', '2020-01-09', '0', '0', '0', '0', '0', 'Absent', 0),
(583, '654654654', '2020-01-10', '0', '0', '0', '0', '0', 'Absent', 0),
(584, '654654654', '2020-01-11', '0', '0', '0', '0', '0', 'Weekend', 0),
(585, '654654654', '2020-01-12', '0', '0', '0', '0', '0', 'Weekend', 0),
(586, '654654654', '2020-01-13', '0', '0', '0', '0', '0', 'Absent', 0),
(587, '654654654', '2020-01-14', '0', '0', '0', '0', '0', 'Absent', 0),
(588, '654654654', '2020-01-15', '0', '0', '0', '0', '0', 'Absent', 0),
(589, '654654654', '2020-01-16', '0', '0', '0', '0', '0', 'Absent', 0),
(590, '654654654', '2020-01-17', '0', '0', '0', '0', '0', 'Absent', 0),
(591, '654654654', '2020-01-18', '0', '0', '0', '0', '0', 'Weekend', 0),
(592, '654654654', '2020-01-19', '0', '0', '0', '0', '0', 'Weekend', 0),
(593, '654654654', '2020-01-20', '0', '0', '0', '0', '0', 'Absent', 0),
(594, '654654654', '2020-01-21', '0', '0', '0', '0', '0', 'Absent', 0),
(595, '654654654', '2020-01-22', '0', '0', '0', '0', '0', 'Absent', 0),
(596, '654654654', '2020-01-23', '0', '0', '0', '0', '0', 'Absent', 0),
(597, '654654654', '2020-01-24', '0', '0', '0', '0', '0', 'Absent', 0),
(598, '654654654', '2020-01-25', '0', '0', '0', '0', '0', 'Weekend', 0),
(599, '654654654', '2020-01-26', '0', '0', '0', '0', '0', 'Weekend', 0),
(600, '654654654', '2020-01-27', '0', '0', '0', '0', '0', 'Absent', 0),
(601, '654654654', '2020-01-28', '0', '0', '0', '0', '0', 'Absent', 0),
(602, '654654654', '2020-01-29', '0', '0', '0', '0', '0', 'Absent', 0),
(603, '654654654', '2020-01-30', '0', '0', '0', '0', '0', 'Absent', 0),
(604, '654654654', '2020-01-31', '0', '0', '0', '0', '0', 'Absent', 0),
(605, '1500037', '2020-01-01', '08:00', '11:02', '01:03', '06:02', '481', '', 0),
(606, '1500037', '2020-01-02', '0', '0', '0', '0', '0', 'Absent', 0),
(607, '1500037', '2020-01-03', '0', '0', '0', '0', '0', 'Absent', 0),
(608, '1500037', '2020-01-04', '0', '0', '0', '0', '0', 'Weekend', 0),
(609, '1500037', '2020-01-05', '0', '0', '0', '0', '0', 'Weekend', 0),
(610, '1500037', '2020-01-06', '0', '0', '0', '0', '0', 'Absent', 0),
(611, '1500037', '2020-01-07', '0', '0', '0', '0', '0', 'Absent', 0),
(612, '1500037', '2020-01-08', '0', '0', '0', '0', '0', 'Absent', 0),
(613, '1500037', '2020-01-09', '0', '0', '0', '0', '0', 'Absent', 0),
(614, '1500037', '2020-01-10', '0', '0', '0', '0', '0', 'Absent', 0),
(615, '1500037', '2020-01-11', '0', '0', '0', '0', '0', 'Weekend', 0),
(616, '1500037', '2020-01-12', '0', '0', '0', '0', '0', 'Weekend', 0),
(617, '1500037', '2020-01-13', '0', '0', '0', '0', '0', 'Absent', 0),
(618, '1500037', '2020-01-14', '0', '0', '0', '0', '0', 'Absent', 0),
(619, '1500037', '2020-01-15', '0', '0', '0', '0', '0', 'Absent', 0),
(620, '1500037', '2020-01-16', '0', '0', '0', '0', '0', 'Absent', 0),
(621, '1500037', '2020-01-17', '0', '0', '0', '0', '0', 'Absent', 0),
(622, '1500037', '2020-01-18', '0', '0', '0', '0', '0', 'Weekend', 0),
(623, '1500037', '2020-01-19', '0', '0', '0', '0', '0', 'Weekend', 0),
(624, '1500037', '2020-01-20', '0', '0', '0', '0', '0', 'Absent', 0),
(625, '1500037', '2020-01-21', '0', '0', '0', '0', '0', 'Absent', 0),
(626, '1500037', '2020-01-22', '0', '0', '0', '0', '0', 'Absent', 0),
(627, '1500037', '2020-01-23', '0', '0', '0', '0', '0', 'Absent', 0),
(628, '1500037', '2020-01-24', '0', '0', '0', '0', '0', 'Absent', 0),
(629, '1500037', '2020-01-25', '0', '0', '0', '0', '0', 'Weekend', 0),
(630, '1500037', '2020-01-26', '0', '0', '0', '0', '0', 'Weekend', 0),
(631, '1500037', '2020-01-27', '0', '0', '0', '0', '0', 'Absent', 0),
(632, '1500037', '2020-01-28', '0', '0', '0', '0', '0', 'Absent', 0),
(633, '1500037', '2020-01-29', '0', '0', '0', '0', '0', 'Absent', 0),
(634, '1500037', '2020-01-30', '0', '0', '0', '0', '0', 'Absent', 0),
(635, '1500037', '2020-01-31', '0', '0', '0', '0', '0', 'Absent', 0),
(636, '1500037', '2020-02-01', '08:00', '11:03', '0', '0', '274.5', 'Overtime', 0),
(637, '1500037', '2020-02-02', '0', '0', '0', '0', '0', 'Weekend', 0),
(638, '1500037', '2020-02-03', '0', '0', '0', '0', '0', 'Absent', 0),
(639, '1500037', '2020-02-04', '0', '0', '0', '0', '0', 'Absent', 0),
(640, '1500037', '2020-02-05', '0', '0', '0', '0', '0', 'Absent', 0),
(641, '1500037', '2020-02-06', '0', '0', '0', '0', '0', 'Absent', 0),
(642, '1500037', '2020-02-07', '0', '0', '0', '0', '0', 'Absent', 0),
(643, '1500037', '2020-02-08', '0', '0', '0', '0', '0', 'Weekend', 0),
(644, '1500037', '2020-02-09', '0', '0', '0', '0', '0', 'Weekend', 0),
(645, '1500037', '2020-02-10', '0', '0', '0', '0', '0', 'Absent', 0),
(646, '1500037', '2020-02-11', '0', '0', '0', '0', '0', 'Absent', 0),
(647, '1500037', '2020-02-12', '0', '0', '0', '0', '0', 'Absent', 0),
(648, '1500037', '2020-02-13', '0', '0', '0', '0', '0', 'Absent', 0),
(649, '1500037', '2020-02-14', '0', '0', '0', '0', '0', 'Absent', 0),
(650, '1500037', '2020-02-15', '0', '0', '0', '0', '0', 'Weekend', 0),
(651, '1500037', '2020-02-16', '0', '0', '0', '0', '0', 'Weekend', 0),
(652, '1500037', '2020-02-17', '0', '0', '0', '0', '0', 'Absent', 0),
(653, '1500037', '2020-02-18', '0', '0', '0', '0', '0', 'Absent', 0),
(654, '1500037', '2020-02-19', '0', '0', '0', '0', '0', 'Absent', 0),
(655, '1500037', '2020-02-20', '0', '0', '0', '0', '0', 'Absent', 0),
(656, '1500037', '2020-02-21', '0', '0', '0', '0', '0', 'Absent', 0),
(657, '1500037', '2020-02-22', '0', '0', '0', '0', '0', 'Weekend', 0),
(658, '1500037', '2020-02-23', '0', '0', '0', '0', '0', 'Weekend', 0),
(659, '1500037', '2020-02-24', '0', '0', '0', '0', '0', 'Absent', 0),
(660, '1500037', '2020-02-25', '0', '0', '0', '0', '0', 'Absent', 0),
(661, '1500037', '2020-02-26', '0', '0', '0', '0', '0', 'Absent', 0),
(662, '1500037', '2020-02-27', '0', '0', '0', '0', '0', 'Absent', 0),
(663, '1500037', '2020-02-28', '0', '0', '0', '0', '0', 'Absent', 0),
(664, '1500037', '2020-02-29', '0', '0', '0', '0', '0', 'Weekend', 0),
(665, '1500037', '2018-01-01', '08:00', '09:00', '0', '0', '60', 'Undertime', 0),
(666, '1500037', '2018-01-02', '0', '0', '0', '0', '0', 'Absent', 0),
(667, '1500037', '2018-01-03', '0', '0', '0', '0', '0', 'Absent', 0),
(668, '1500037', '2018-01-04', '0', '0', '0', '0', '0', 'Absent', 0),
(669, '1500037', '2018-01-05', '0', '0', '0', '0', '0', 'Absent', 0),
(670, '1500037', '2018-01-06', '0', '0', '0', '0', '0', 'Weekend', 0),
(671, '1500037', '2018-01-07', '0', '0', '0', '0', '0', 'Weekend', 0),
(672, '1500037', '2018-01-08', '0', '0', '0', '0', '0', 'Absent', 0),
(673, '1500037', '2018-01-09', '0', '0', '0', '0', '0', 'Absent', 0),
(674, '1500037', '2018-01-10', '0', '0', '0', '0', '0', 'Absent', 0),
(675, '1500037', '2018-01-11', '0', '0', '0', '0', '0', 'Absent', 0),
(676, '1500037', '2018-01-12', '0', '0', '0', '0', '0', 'Absent', 0),
(677, '1500037', '2018-01-13', '0', '0', '0', '0', '0', 'Weekend', 0),
(678, '1500037', '2018-01-14', '0', '0', '0', '0', '0', 'Weekend', 0),
(679, '1500037', '2018-01-15', '0', '0', '0', '0', '0', 'Absent', 0),
(680, '1500037', '2018-01-16', '0', '0', '0', '0', '0', 'Absent', 0),
(681, '1500037', '2018-01-17', '0', '0', '0', '0', '0', 'Absent', 0),
(682, '1500037', '2018-01-18', '0', '0', '0', '0', '0', 'Absent', 0),
(683, '1500037', '2018-01-19', '0', '0', '0', '0', '0', 'Absent', 0),
(684, '1500037', '2018-01-20', '0', '0', '0', '0', '0', 'Weekend', 0),
(685, '1500037', '2018-01-21', '0', '0', '0', '0', '0', 'Weekend', 0),
(686, '1500037', '2018-01-22', '0', '0', '0', '0', '0', 'Absent', 0),
(687, '1500037', '2018-01-23', '0', '0', '0', '0', '0', 'Absent', 0),
(688, '1500037', '2018-01-24', '0', '0', '0', '0', '0', 'Absent', 0),
(689, '1500037', '2018-01-25', '0', '0', '0', '0', '0', 'Absent', 0),
(690, '1500037', '2018-01-26', '0', '0', '0', '0', '0', 'Absent', 0),
(691, '1500037', '2018-01-27', '0', '0', '0', '0', '0', 'Weekend', 0),
(692, '1500037', '2018-01-28', '0', '0', '0', '0', '0', 'Weekend', 0),
(693, '1500037', '2018-01-29', '0', '0', '0', '0', '0', 'Absent', 0),
(694, '1500037', '2018-01-30', '0', '0', '0', '0', '0', 'Absent', 0),
(695, '1500037', '2018-01-31', '0', '0', '0', '0', '0', 'Absent', 0),
(696, '1500037', '2048-01-01', '08:02', '11:03', '04:05', '09:01', '477', 'Tardy and Undertime', 0),
(697, '1500037', '2048-01-02', '0', '0', '0', '0', '0', 'Absent', 0),
(698, '1500037', '2048-01-03', '0', '0', '0', '0', '0', 'Absent', 0),
(699, '1500037', '2048-01-04', '0', '0', '0', '0', '0', 'Weekend', 0),
(700, '1500037', '2048-01-05', '0', '0', '0', '0', '0', 'Weekend', 0),
(701, '1500037', '2048-01-06', '0', '0', '0', '0', '0', 'Absent', 0),
(702, '1500037', '2048-01-07', '0', '0', '0', '0', '0', 'Absent', 0),
(703, '1500037', '2048-01-08', '0', '0', '0', '0', '0', 'Absent', 0),
(704, '1500037', '2048-01-09', '0', '0', '0', '0', '0', 'Absent', 0),
(705, '1500037', '2048-01-10', '0', '0', '0', '0', '0', 'Absent', 0),
(706, '1500037', '2048-01-11', '0', '0', '0', '0', '0', 'Weekend', 0),
(707, '1500037', '2048-01-12', '0', '0', '0', '0', '0', 'Weekend', 0),
(708, '1500037', '2048-01-13', '0', '0', '0', '0', '0', 'Absent', 0),
(709, '1500037', '2048-01-14', '0', '0', '0', '0', '0', 'Absent', 0),
(710, '1500037', '2048-01-15', '0', '0', '0', '0', '0', 'Absent', 0),
(711, '1500037', '2048-01-16', '0', '0', '0', '0', '0', 'Absent', 0),
(712, '1500037', '2048-01-17', '0', '0', '0', '0', '0', 'Absent', 0),
(713, '1500037', '2048-01-18', '0', '0', '0', '0', '0', 'Weekend', 0),
(714, '1500037', '2048-01-19', '0', '0', '0', '0', '0', 'Weekend', 0),
(715, '1500037', '2048-01-20', '0', '0', '0', '0', '0', 'Absent', 0),
(716, '1500037', '2048-01-21', '0', '0', '0', '0', '0', 'Absent', 0),
(717, '1500037', '2048-01-22', '0', '0', '0', '0', '0', 'Absent', 0),
(718, '1500037', '2048-01-23', '0', '0', '0', '0', '0', 'Absent', 0),
(719, '1500037', '2048-01-24', '0', '0', '0', '0', '0', 'Absent', 0),
(720, '1500037', '2048-01-25', '0', '0', '0', '0', '0', 'Weekend', 0),
(721, '1500037', '2048-01-26', '0', '0', '0', '0', '0', 'Weekend', 0),
(722, '1500037', '2048-01-27', '0', '0', '0', '0', '0', 'Absent', 0),
(723, '1500037', '2048-01-28', '0', '0', '0', '0', '0', 'Absent', 0),
(724, '1500037', '2048-01-29', '0', '0', '0', '0', '0', 'Absent', 0),
(725, '1500037', '2048-01-30', '0', '0', '0', '0', '0', 'Absent', 0),
(726, '1500037', '2048-01-31', '0', '0', '0', '0', '0', 'Absent', 0),
(727, '2018075', '2018-07-01', '0', '0', '0', '0', '0', 'Weekend', 0),
(728, '2018075', '2018-07-02', '0', '0', '0', '0', '0', 'Absent', 0),
(729, '2018075', '2018-07-03', '0', '0', '0', '0', '0', 'Absent', 0),
(730, '2018075', '2018-07-04', '0', '0', '0', '0', '0', 'Absent', 0),
(731, '2018075', '2018-07-05', '0', '0', '0', '0', '0', 'Absent', 0);
INSERT INTO `dtr` (`dtr_id`, `trainee_id`, `dtr_date`, `morning_in`, `morning_out`, `afternoon_in`, `afternoon_out`, `total`, `remarks`, `removed`) VALUES
(732, '2018075', '2018-07-06', '0', '0', '0', '0', '0', 'Absent', 0),
(733, '2018075', '2018-07-07', '0', '0', '0', '0', '0', 'Weekend', 0),
(734, '2018075', '2018-07-08', '0', '0', '0', '0', '0', 'Weekend', 0),
(735, '2018075', '2018-07-09', '0', '0', '0', '0', '0', 'Absent', 0),
(736, '2018075', '2018-07-10', '0', '0', '0', '0', '0', 'Absent', 0),
(737, '2018075', '2018-07-11', '0', '0', '0', '0', '0', 'Absent', 0),
(738, '2018075', '2018-07-12', '0', '0', '0', '0', '0', 'Absent', 0),
(739, '2018075', '2018-07-13', '0', '0', '0', '0', '0', 'Absent', 0),
(740, '2018075', '2018-07-14', '0', '0', '0', '0', '0', 'Weekend', 0),
(741, '2018075', '2018-07-15', '0', '0', '0', '0', '0', 'Weekend', 0),
(742, '2018075', '2018-07-16', '0', '0', '0', '0', '0', 'Absent', 0),
(743, '2018075', '2018-07-17', '0', '0', '0', '0', '0', 'Absent', 0),
(744, '2018075', '2018-07-18', '0', '0', '0', '0', '0', 'Absent', 0),
(745, '2018075', '2018-07-19', '0', '0', '0', '0', '0', 'Absent', 0),
(746, '2018075', '2018-07-20', '0', '0', '0', '0', '0', 'Absent', 0),
(747, '2018075', '2018-07-21', '0', '0', '0', '0', '0', 'Weekend', 0),
(748, '2018075', '2018-07-22', '0', '0', '0', '0', '0', 'Weekend', 0),
(749, '2018075', '2018-07-23', '0', '0', '0', '0', '0', 'Absent', 0),
(750, '2018075', '2018-07-24', '0', '0', '0', '0', '0', 'Absent', 0),
(751, '2018075', '2018-07-25', '0', '0', '0', '0', '0', 'Absent', 0),
(752, '2018075', '2018-07-26', '0', '0', '0', '0', '0', 'Absent', 0),
(753, '2018075', '2018-07-27', '0', '0', '0', '0', '0', 'Absent', 0),
(754, '2018075', '2018-07-28', '0', '0', '0', '0', '0', 'Weekend', 0),
(755, '2018075', '2018-07-29', '0', '0', '0', '0', '0', 'Weekend', 0),
(756, '2018075', '2018-07-30', '0', '0', '0', '0', '0', 'Absent', 0),
(757, '2018075', '2018-07-31', '0', '0', '0', '0', '0', 'Absent', 0);

-- --------------------------------------------------------

--
-- Table structure for table `holidays`
--

CREATE TABLE `holidays` (
  `holiday_id` int(11) NOT NULL,
  `name` varchar(50) NOT NULL,
  `holidayDate` date NOT NULL,
  `removed` tinyint(1) NOT NULL DEFAULT 0
) ENGINE=InnoDB DEFAULT CHARSET=latin1;

--
-- Dumping data for table `holidays`
--

INSERT INTO `holidays` (`holiday_id`, `name`, `holidayDate`, `removed`) VALUES
(1, 'Birthday', '2018-07-26', 1),
(2, 'asd', '2018-07-27', 1),
(3, 'asdasdasd', '2018-07-11', 1),
(4, 'New Year\'s Day', '2018-01-01', 0),
(5, 'Chinese  New Year', '2018-02-16', 0),
(6, 'EDSA People Power Revolution Anniversary', '2018-02-25', 0),
(7, 'Maundy Thursday', '2018-03-29', 0),
(8, 'Good Friday', '2018-03-30', 0),
(9, 'Araw ng Kagitingan', '2018-04-09', 0),
(10, 'Labor Day', '2018-05-01', 0),
(11, 'Independence Day', '2018-06-12', 0),
(12, 'Eidul-Fitar', '2018-06-15', 0),
(13, 'Ninoy Aquino Day', '2018-08-21', 0),
(14, 'National Heroes Day', '2018-08-27', 0),
(15, 'Eid\'l Adha/Feast of Sacrifice', '2018-09-01', 0),
(16, 'All Saints Day', '2018-11-01', 0),
(17, 'Additional Special(non-working) days', '2018-11-02', 0),
(18, 'Bonifacio Day', '2018-11-30', 0),
(19, 'Additional Special(non-working) days', '2018-12-24', 0),
(20, 'Christmas Day', '2018-12-25', 0),
(21, 'Rizal Day', '2018-12-30', 0),
(22, 'Last Day of the Year', '2018-12-31', 0),
(23, 'Foundation Day of the Province of N. Samar', '2018-06-19', 1),
(24, 'Vespers Day of the Feast of SeÃ±ior Santo NiÃ±o de', '2018-06-29', 0),
(25, 'Feast day of Sto. NiÃ±o de Leyte/Tacloban CIty Fie', '2018-06-30', 0),
(26, 'Birth Anniversary of Jose Havelino (Former Senate ', '2018-08-05', 0),
(27, 'Maasin Charter Day', '2018-08-10', 1),
(28, 'Independence Day for Leyte & Cebu', '2018-08-11', 0),
(29, 'Town Fiesta Celebration', '2018-08-24', 1),
(30, 'Feast Day of Our Lady of Anunciacion/Catarman Fies', '2018-08-29', 1),
(31, 'Balangiga Encounter Day', '2018-09-28', 1),
(32, 'Adlaw sa Ormoc (Ormoc Charter Day)', '2018-10-20', 0),
(33, 'Leyte Landing Anniversary', '2018-10-20', 1),
(34, 'Commemoration of Super Typhoon Yolanda', '2018-11-08', 0),
(35, 'Conversion of Tacloban City into a Highly Urbanize', '2018-12-18', 0);

-- --------------------------------------------------------

--
-- Table structure for table `offices`
--

CREATE TABLE `offices` (
  `office_id` int(11) NOT NULL,
  `office` varchar(50) NOT NULL,
  `removed` tinyint(1) NOT NULL
) ENGINE=InnoDB DEFAULT CHARSET=latin1;

--
-- Dumping data for table `offices`
--

INSERT INTO `offices` (`office_id`, `office`, `removed`) VALUES
(1, 'Information Technology Management Section', 0),
(2, 'Field Operation Developments', 0),
(3, 'asd', 1),
(4, 'asdfasdf', 1),
(5, 'asdasdasd', 1),
(6, 'asdfasdfsdf', 1),
(7, 'Human Resource Unit', 0),
(8, 'General Services Unit', 0),
(9, 'Accreditation Quality Assurance Section', 0),
(10, 'Health Care Delivery Management Division', 0),
(11, 'Philhealth Employees Cooperative', 0),
(12, 'Comptrollership Unit', 0),
(13, 'Office of the Regional Vice President', 0),
(14, 'Bids and Awards Committee Secretariat', 0),
(15, 'Management Services Division', 0),
(16, 'Administrative Services Section', 0);

-- --------------------------------------------------------

--
-- Table structure for table `school`
--

CREATE TABLE `school` (
  `school_id` int(11) NOT NULL,
  `school` varchar(50) NOT NULL,
  `school_address` varchar(50) NOT NULL,
  `removed` tinyint(1) NOT NULL DEFAULT 0
) ENGINE=InnoDB DEFAULT CHARSET=latin1;

--
-- Dumping data for table `school`
--

INSERT INTO `school` (`school_id`, `school`, `school_address`, `removed`) VALUES
(8, 'Leyte Normal University', 'Tacloban City, Leyte', 0),
(9, 'Eastern Visayas State University', '', 0),
(10, 'AMA Computer Learning Center', '', 0),
(11, 'Asian Development Foundation College', '', 0),
(12, 'Samar State University', '', 0),
(13, 'Leyte Colleges', '', 0);

-- --------------------------------------------------------

--
-- Table structure for table `trainees`
--

CREATE TABLE `trainees` (
  `id` int(11) NOT NULL,
  `trainee_id` varchar(50) NOT NULL,
  `name` varchar(100) NOT NULL,
  `gender` varchar(10) NOT NULL,
  `school_id` int(10) NOT NULL,
  `course` varchar(100) NOT NULL,
  `office_id` varchar(100) NOT NULL,
  `supervisor` varchar(50) NOT NULL,
  `date_started` date NOT NULL,
  `schedule` varchar(100) NOT NULL,
  `hours_required` int(11) NOT NULL,
  `expected_month` varchar(25) NOT NULL,
  `finished_date` date NOT NULL DEFAULT '0000-00-00',
  `removed` tinyint(1) NOT NULL
) ENGINE=InnoDB DEFAULT CHARSET=latin1;

--
-- Dumping data for table `trainees`
--

INSERT INTO `trainees` (`id`, `trainee_id`, `name`, `gender`, `school_id`, `course`, `office_id`, `supervisor`, `date_started`, `schedule`, `hours_required`, `expected_month`, `finished_date`, `removed`) VALUES
(6, '2018075', 'Czarrel%T.%Soriao', 'male', 10, 'Bachelor of Science in Information Technology', '7', 'Emmanuel C. Montilla', '2018-05-09', 'Monday-Friday', 460, 'July 2018', '0000-00-00', 0),
(7, '2018001', 'Louel Alvin%B.%Tiu', 'male', 10, 'Bachelor of Science in Information Technology', '7', 'Emmanuel C. Montilla', '2018-06-25', 'Monday-Friday', 460, 'August 2018', '0000-00-00', 0),
(8, '2018012', 'Paul John%A.%Acbo', 'male', 10, 'Bachelor of Science in Information Technology', '8', 'Cesar Cagascas Jr.', '2018-05-09', 'Monday-Friday', 460, 'July 2018', '0000-00-00', 0),
(9, '2018053', 'Rodel%B.%Nobe', 'male', 10, 'Bachelor of Science in Information Technology', '2', 'Ailyn Marie Metran', '2018-05-07', 'Monday-Friday', 460, 'July 2018', '0000-00-00', 0),
(10, '2018028', 'Kerry Al Xynah%C.%Amante', 'female', 10, 'Bachelor of Science in Information Technology', '9', 'Yolanda C. Escobar', '2018-05-08', 'Monday-Friday', 460, 'July 2018', '0000-00-00', 0),
(11, '2018027', 'Frances Apple%J.%Quijano', 'female', 10, 'Bachelor of Science in Information Technology', '9', 'Yolanda C. Escobar', '2018-05-08', 'Monday-Friday', 460, 'July 2018', '0000-00-00', 0),
(12, '2018038', 'Edilberto Jr.%M.%Catindoy', 'male', 10, 'Bachelor of Science in Computer Science', '10', 'Lysandra MaraÃ±on', '2018-07-09', 'Monday-Friday', 260, 'August 2018', '0000-00-00', 0),
(13, '2018065', 'Al Dante%B.%Amboy', 'male', 10, 'Bachelor of Science in Information Technology', '11', 'Karen Quibranza', '2018-07-09', 'Monday-Thursday', 460, 'September 2018', '0000-00-00', 0),
(14, '2018013', 'John Jay%C.%Pozon', 'male', 10, 'Bachelor of Science in Information Technology', '12', 'Karen Quibranza', '2018-07-09', 'Monday-Friday', 460, 'September 2018', '0000-00-00', 0),
(15, '2018015', 'Kim Jeoffrey%S.%Cuevas', 'male', 10, 'Bachelor of Science in Information Technology', '7', 'Emmanuel C. Montilla', '2018-07-09', 'Monday-Friday', 460, 'September 2018', '0000-00-00', 0),
(16, '2018016', 'Rachel Ann%A.%Juanillo', 'female', 10, 'Bachelor of Science in Information Technology', '10', 'Lysandra MaraÃ±on', '2018-07-09', 'Monday-Friday', 460, 'September 2018', '0000-00-00', 0),
(17, '2018014', 'Vince%C.%Coronado', 'male', 10, 'Bachelor of Science in Information Technology', '12', 'Karen Quibranza', '2018-07-09', 'Monday-Friday', 460, 'September 2018', '0000-00-00', 0),
(18, '2018037', 'Joshua Amiel%A.%Davocol', 'male', 10, 'Bachelor of Science in Computer Science', '10', 'Lysandra MaraÃ±on', '2018-07-09', 'Monday-Friday', 260, 'August 2018', '0000-00-00', 0),
(19, '2018029', 'Samantha Nicole%B.%Cua', 'female', 10, 'Bachelor of Science in Information Technology', '8', 'Eleanor P. Morfe', '2018-06-25', 'Monday-Friday', 460, 'August 2018', '0000-00-00', 0),
(20, '2018054', 'Erika Nikka%A.%Daradal', 'female', 10, 'Bachelor of Science in Information Technology', '2', 'Ailyn Marie Metran', '2018-05-07', 'Monday-Friday', 460, 'July 2018', '0000-00-00', 0),
(21, '2018006', 'Rajie Vince%T.%Quinto', 'female', 10, 'Bachelor of Science in Information Technology', '2', 'Alphard Tiozon', '2018-06-25', 'Monday-Friday', 460, 'August 2018', '0000-00-00', 0),
(22, '2018002', 'Lemuel%B.%Alota', 'male', 10, 'Bachelor of Science in Information Technology', '8', 'Cesar Cagascas Jr.', '2018-06-25', 'Monday-Friday', 460, 'August 2018', '0000-00-00', 0),
(23, '2018023', 'Maria Cecilia%O.%Erroba', 'female', 10, 'Bachelor of Science in Information Technology', '13', 'Wilmina B. David', '2018-06-25', 'Monday-Friday', 460, 'August 2018', '0000-00-00', 0),
(24, '2018035', 'Lian Vie%A.%Riga', 'female', 10, 'Bachelor of Science in Information Technology', '14', 'Benjamin Gabrieles Jr.', '2018-06-25', 'Monday-Friday', 460, 'August 2018', '0000-00-00', 0),
(25, '2018062', 'Lloyd Johnson%G.%Dela Cruz', 'male', 10, 'Bachelor of Science in Information Technology', '10', 'Lysandra MaraÃ±on', '2018-06-25', 'Monday-Friday', 460, 'August 2018', '0000-00-00', 0),
(26, '2018022', 'John Carlo%F.%Rotilles', 'male', 10, 'Bachelor of Science in Information Technology', '13', 'Wilmina B. David', '2018-06-25', 'Monday-Friday', 460, 'August 2018', '0000-00-00', 0),
(27, '2018036', 'Karen Crestia%P.%Marabut', 'female', 10, 'Bachelor of Science in Information Technology', '15', 'Karen Quibranza', '2018-06-25', 'Monday-Friday', 460, 'August 2018', '0000-00-00', 0),
(28, '2018024', 'Jeaniebell%A.%Cayubit', 'female', 10, 'Bachelor of Science in Information Technology', '13', 'Ma. Dorina C. Jandayan', '2018-06-25', 'Monday-Friday', 460, 'August 2018', '0000-00-00', 0),
(29, '2018055', 'Arriane%S.%Beato', 'female', 10, 'Bachelor of Science in Information Technology', '10', 'Nathalia B. Gaylon', '2018-06-25', 'Monday-Friday', 460, 'August 2018', '0000-00-00', 0),
(30, '2018025', 'Geraldine%L.%Parquilla', 'female', 10, 'Bachelor of Science in Information Technology', '13', 'Miramar P. Zabala', '2018-06-25', 'Monday-Friday', 460, 'August 2018', '0000-00-00', 0),
(31, '2018039', 'John Christian%B.%Quilaquil', 'male', 10, 'Bachelor of Science in Information Technology', '9', 'Yolanda C. Escobar', '2018-06-25', 'Monday-Friday', 460, 'August 2018', '0000-00-00', 0),
(32, '2018008', 'Jeff Clark%P.%Agosto', 'male', 10, 'Bachelor of Science in Information Technology', '13', 'Nikki Bacale', '2018-05-31', 'Monday-Friday', 460, 'July 2018', '0000-00-00', 0),
(33, '2018020', 'Johnwil%M.%Delgado', 'male', 8, 'Bachelor of Science in Information Technology', '1', 'Lawrence Didulo', '2018-05-07', 'Monday-Friday', 486, 'July 2018', '0000-00-00', 0),
(34, '2018017', 'Ernie Jeash%C.%Villahermosa', 'male', 8, 'Bachelor of Science in Information Technology', '1', 'Lawrence Didulo', '2018-05-07', 'Monday-Friday', 486, 'July 2018', '0000-00-00', 0),
(35, '2018030', 'Shearlene%M.%Marquez', 'female', 9, 'Bachelor of Science in Information Technology', '7', 'Emmanuel C. Montilla', '2018-05-04', 'Monday-Friday', 486, 'July 2018', '0000-00-00', 0),
(36, '2018004', 'Mega Diane%C.%Ayad', 'female', 9, 'Bachelor of Science in Information Technology', '8', 'Cesar Cagascas Jr.', '2018-05-07', 'Monday-Friday', 486, 'July 2018', '0000-00-00', 0),
(37, '2018021', 'Melody%T.%Duzon', 'female', 8, 'Bachelor of Science in Information Technology', '1', 'Lawrence Didulo', '2018-05-07', 'Monday-Friday', 486, 'July 2018', '0000-00-00', 0),
(38, '2018070', 'Christian%A.%Bordonada', 'male', 10, 'Bachelor of Science in Information Technology', '8', 'Rhosielyn Yu', '2018-07-09', 'Monday-Friday', 460, 'September 2018', '0000-00-00', 0),
(39, '2018069', 'Ried%S.%Alumbres', 'male', 10, 'Bachelor of Science in Information Technology', '9', 'Yolanda C. Escobar', '2018-06-25', 'Monday-Friday', 460, 'August 2018', '0000-00-00', 0),
(40, '2018061', 'Neil Bryan%D.%Cantalejo', 'male', 10, 'Bachelor of Science in Information Technology', '16', 'Richard Mauro Bugho', '2018-05-08', 'Monday-Friday', 460, 'July 2018', '0000-00-00', 0),
(41, '2018066', 'Jorge%A.%Mirante', 'male', 10, 'Bachelor of Science in Information Technology', '10', 'Gretchen Fulgencio', '2018-07-09', 'Monday-Friday', 460, 'September 2018', '0000-00-00', 0),
(42, '2018068', 'Bren%B.%Cruz', 'male', 10, 'Bachelor of Science in Information Technology', '15', 'Karen Quibranza', '2018-06-25', 'Monday-Friday', 460, 'August 2018', '0000-00-00', 0),
(43, '2018074', 'Laurence Paul%C.%Daclag', 'male', 10, 'Bachelor of Science in Information Technology', '15', 'Karen Quibranza', '2018-06-25', 'Monday-Friday', 460, 'August 2018', '0000-00-00', 0),
(44, '2018026', 'Rhea Gezelle%M.%Ramirez', 'female', 10, 'Bachelor of Science in Information Technology', '10', 'Amihan Namocatcat', '2018-06-25', 'Monday-Friday', 460, 'August 2018', '0000-00-00', 0),
(45, '2018009', 'Jonalyn%C.%Ornopia', 'female', 10, 'Bachelor of Science in Information Technology', '10', 'Gretchen Fulgencio', '2018-06-25', 'Monday-Friday', 460, 'August 2018', '0000-00-00', 0),
(46, '2018050', 'Frank Lloyd%P.%Diendo', 'male', 9, 'Bachelor of Science in Information Technology', '10', 'Carsido Rachson', '2018-05-02', 'Monday-Friday', 486, 'July 2018', '0000-00-00', 0),
(47, '2018048', 'Noel Bryan%D.%Caramol', 'male', 9, 'Bachelor of Science in Information Technology', '10', 'Jessie Salceda', '2018-05-02', 'Monday-Friday', 486, 'July 2018', '0000-00-00', 0),
(48, '2018010', 'Lowil Kim%P.%Say', 'male', 9, 'Bachelor of Science in Information Technology', '1', 'Lawrence Didulo', '2018-04-30', 'Monday-Friday', 486, 'June 2018', '0000-00-00', 0),
(49, '2018031', 'Racky%M.%Tulfo', 'male', 9, 'Bachelor of Science in Information Technology', '2', 'Ailyn Marie Metran', '2018-04-30', 'Monday-Friday', 486, 'June 2018', '0000-00-00', 0),
(50, '2018033', 'Rolen%P.%Bruses', 'male', 9, 'Bachelor of Science in Information Technology', '2', 'Charina Luz Ang', '2018-04-30', 'Monday-Friday', 486, 'June 2018', '0000-00-00', 0),
(51, '2018040', 'Ma. Criselda Joy%D.%Sibogon', 'female', 9, 'Bachelor of Science in Information Technology', '13', 'Ma. Dorina C. Jandayan', '2018-04-30', 'Monday-Friday', 486, 'June 2018', '0000-00-00', 0),
(52, '2018018', 'R-Dee John%C.%Pacheco', 'male', 9, 'Bachelor of Science in Information Technology', '1', 'Lawrence Didulo', '2018-04-30', 'Monday-Friday', 486, 'June 2018', '0000-00-00', 0),
(53, '2018034', 'Harvey%B.%Abilar', 'male', 9, 'Bachelor of Science in Information Technology', '13', 'Miramar P. Zabala', '2018-04-30', 'Monday-Friday', 486, 'June 2018', '0000-00-00', 0),
(54, '2018032', 'Danice%B.%Visda', 'male', 9, 'Bachelor of Science in Information Technology', '14', 'Benjamin Gabrieles Jr.', '2018-04-30', 'Monday-Friday', 486, 'June 2018', '0000-00-00', 0),
(55, '2018019', 'Marvin Jayson%A.%Lanzarote', 'male', 9, 'Bachelor of Science in Information Technology', '1', 'Lawrence Didulo', '2018-04-30', 'Monday-Friday', 486, 'June 2018', '0000-00-00', 0),
(56, '2018047', 'John Vincent%M.%Cordero', 'male', 9, 'Bachelor of Science in Information Technology', '10', 'Gretchen Fulgencio', '2018-05-02', 'Monday-Friday', 486, 'July 2018', '0000-00-00', 0),
(57, '2018005', 'Marty Gee%R.%Pabello', 'male', 9, 'Bachelor of Science in Information Technology', '2', 'Luz B. Santiago', '2018-04-30', 'Monday-Friday', 486, 'June 2018', '0000-00-00', 0),
(58, '10066599', 'Emmanuel%Corales%Montilla', 'male', 8, 'Bachelor of Science in Information Technology', '1', 'Lawrence A. Didulo', '2018-07-03', '8:00-12:00; 1:00-5:00', 360, 'August 2018', '0000-00-00', 1),
(59, '123', '123%1231%23', 'male', 8, '123123', '2', '123123123', '2019-08-08', '1231', 23123, 'November 2019', '0000-00-00', 0),
(60, '123', '1231%231231%23123', 'male', 8, '123123', '2', '123123', '2019-08-08', '12312', 3123123, 'November 2019', '0000-00-00', 0);

-- --------------------------------------------------------

--
-- Table structure for table `users`
--

CREATE TABLE `users` (
  `user_id` int(11) NOT NULL,
  `name` varchar(100) NOT NULL,
  `office_id` int(11) NOT NULL,
  `position` varchar(50) NOT NULL,
  `username` varchar(50) NOT NULL,
  `password` varchar(255) NOT NULL,
  `date_created` date NOT NULL,
  `removed` tinyint(1) DEFAULT 0
) ENGINE=InnoDB DEFAULT CHARSET=latin1;

--
-- Dumping data for table `users`
--

INSERT INTO `users` (`user_id`, `name`, `office_id`, `position`, `username`, `password`, `date_created`, `removed`) VALUES
(2, 'safd%asdf%asdf', 1, 'Asdf', 'asdfasd', '$2y$10$v2QvKepj/ikeydSz9rXxMO8E/TCkO3nA1QfPGMC09yb5YN5SjOyWa', '2018-07-27', 1),
(6, 'Karma%Morningstar%Blackshaw', 1, 'Admin', 'admin', '$2y$10$n4iubJ3gufecLghdc.zSr.bgbiwwF2wJ3aqcim2Jc0SFgH3sOMIa6', '2018-07-30', 0),
(7, 'asdf%asdf%asdf', 1, 'Asdf', 'asdf', '$2y$10$c8zwli54Xnj4gO.GIPA3.emfgD4IB68P9pijWMO5aQSJzhJ3bPZa2', '2018-07-30', 1),
(8, 'df%gsdf%gsdfg', 1, 'Sdfg', 'ad', '$2y$10$KcMAQh9PaVDjjc4ZBEY4u.7DE68l1bbIXpC.B5ZPzhJ5JAat7Z9xO', '2018-07-30', 1),
(9, 'Emmanuel%Corales%Montilla', 7, 'Human Resource Management Officer III', 'emmanhrmo', '$2y$10$R4jyYqLyVXAtoee6Vlgtd.n.sihTXYQsh0Ni0Roj/.MvwAPoSvDVu', '2018-07-30', 0);

--
-- Indexes for dumped tables
--

--
-- Indexes for table `audit_trails`
--
ALTER TABLE `audit_trails`
  ADD PRIMARY KEY (`audit_id`);

--
-- Indexes for table `dtr`
--
ALTER TABLE `dtr`
  ADD PRIMARY KEY (`dtr_id`);

--
-- Indexes for table `holidays`
--
ALTER TABLE `holidays`
  ADD PRIMARY KEY (`holiday_id`);

--
-- Indexes for table `offices`
--
ALTER TABLE `offices`
  ADD PRIMARY KEY (`office_id`);

--
-- Indexes for table `school`
--
ALTER TABLE `school`
  ADD PRIMARY KEY (`school_id`);

--
-- Indexes for table `trainees`
--
ALTER TABLE `trainees`
  ADD PRIMARY KEY (`id`);

--
-- Indexes for table `users`
--
ALTER TABLE `users`
  ADD PRIMARY KEY (`user_id`);

--
-- AUTO_INCREMENT for dumped tables
--

--
-- AUTO_INCREMENT for table `audit_trails`
--
ALTER TABLE `audit_trails`
  MODIFY `audit_id` int(11) NOT NULL AUTO_INCREMENT, AUTO_INCREMENT=664;

--
-- AUTO_INCREMENT for table `dtr`
--
ALTER TABLE `dtr`
  MODIFY `dtr_id` int(11) NOT NULL AUTO_INCREMENT, AUTO_INCREMENT=758;

--
-- AUTO_INCREMENT for table `holidays`
--
ALTER TABLE `holidays`
  MODIFY `holiday_id` int(11) NOT NULL AUTO_INCREMENT, AUTO_INCREMENT=36;

--
-- AUTO_INCREMENT for table `offices`
--
ALTER TABLE `offices`
  MODIFY `office_id` int(11) NOT NULL AUTO_INCREMENT, AUTO_INCREMENT=17;

--
-- AUTO_INCREMENT for table `school`
--
ALTER TABLE `school`
  MODIFY `school_id` int(11) NOT NULL AUTO_INCREMENT, AUTO_INCREMENT=14;

--
-- AUTO_INCREMENT for table `trainees`
--
ALTER TABLE `trainees`
  MODIFY `id` int(11) NOT NULL AUTO_INCREMENT, AUTO_INCREMENT=61;

--
-- AUTO_INCREMENT for table `users`
--
ALTER TABLE `users`
  MODIFY `user_id` int(11) NOT NULL AUTO_INCREMENT, AUTO_INCREMENT=10;
COMMIT;

/*!40101 SET CHARACTER_SET_CLIENT=@OLD_CHARACTER_SET_CLIENT */;
/*!40101 SET CHARACTER_SET_RESULTS=@OLD_CHARACTER_SET_RESULTS */;
/*!40101 SET COLLATION_CONNECTION=@OLD_COLLATION_CONNECTION */;
